2026-09-26 23:28:49,101 | INFO | ======================================================================
2026-09-26 23:28:49,104 | INFO | SPACE DATA EXTRACTION PIPELINE STARTED
2026-09-26 23:28:49,104 | INFO | ======================================================================
2026-09-26 23:28:49,104 | INFO | Raw data directory: C:\Users\ipran\Documents\demo\Assignment2-space_data_pipeline-\data\raw
2026-09-26 23:28:49,104 | INFO | ======================================================================
2026-09-26 23:28:49,104 | INFO | EXTRACTING: LAUNCHES
2026-09-26 23:28:49,104 | INFO | ======================================================================
2026-09-26 23:28:49,105 | INFO | Raw data directory: C:\Users\ipran\Documents\demo\Assignment2-space_data_pipeline-\data\raw\launches
2026-09-26 23:28:49,105 | INFO | Requesting page 1
2026-09-26 23:28:49,105 | INFO | URL: https://ll.thespacedevs.com/2.3.0/launches/
2026-09-26 23:28:51,626 | INFO | HTTP Status: 200
2026-09-26 23:28:51,680 | INFO | Raw data saved to: C:\Users\ipran\Documents\demo\Assignment2-space_data_pipeline-\data\raw\launches\page_1.json
2026-09-26 23:28:51,682 | INFO | Records in page: 100
2026-09-26 23:28:51,682 | INFO | Total records retrieved: 100
2026-09-26 23:28:51,683 | INFO | Next page available.
2026-09-26 23:28:51,683 | INFO | Requesting page 2
2026-09-26 23:28:51,683 | INFO | URL: https://ll.thespacedevs.com/2.3.0/launches/?limit=100&offset=100
2026-09-26 23:28:55,510 | INFO | HTTP Status: 200
2026-09-26 23:28:55,569 | INFO | Raw data saved to: C:\Users\ipran\Documents\demo\Assignment2-space_data_pipeline-\data\raw\launches\page_2.json
2026-09-26 23:28:55,569 | INFO | Records in page: 100
2026-09-26 23:28:55,569 | INFO | Total records retrieved: 200
2026-09-26 23:28:55,569 | INFO | Next page available.
2026-09-26 23:28:55,569 | INFO | Extraction completed for launches.
2026-09-26 23:28:55,569 | INFO | Total launches records retrieved: 200
2026-09-26 23:28:55,569 | INFO | ======================================================================
2026-09-26 23:28:55,569 | INFO | EXTRACTING: LAUNCHER_CONFIGURATIONS
2026-09-26 23:28:55,569 | INFO | ======================================================================
2026-09-26 23:28:55,569 | INFO | Raw data directory: C:\Users\ipran\Documents\demo\Assignment2-space_data_pipeline-\data\raw\launcher_configurations
2026-09-26 23:28:55,573 | INFO | Requesting page 1
2026-09-26 23:28:55,573 | INFO | URL: https://ll.thespacedevs.com/2.3.0/launcher_configurations/
2026-09-26 23:28:58,752 | INFO | HTTP Status: 200
2026-09-26 23:28:58,900 | INFO | Raw data saved to: C:\Users\ipran\Documents\demo\Assignment2-space_data_pipeline-\data\raw\launcher_configurations\page_1.json
2026-09-26 23:28:58,900 | INFO | Records in page: 100
2026-09-26 23:28:58,900 | INFO | Total records retrieved: 100
2026-09-26 23:28:58,900 | INFO | Next page available.
2026-09-26 23:28:58,900 | INFO | Requesting page 2
2026-09-26 23:28:58,900 | INFO | URL: https://ll.thespacedevs.com/2.3.0/launcher_configurations/?limit=100&offset=100
2026-09-26 23:29:01,082 | INFO | HTTP Status: 200
2026-09-26 23:29:01,158 | INFO | Raw data saved to: C:\Users\ipran\Documents\demo\Assignment2-space_data_pipeline-\data\raw\launcher_configurations\page_2.json
2026-09-26 23:29:01,158 | INFO | Records in page: 100
2026-09-26 23:29:01,158 | INFO | Total records retrieved: 200
2026-09-26 23:29:01,158 | INFO | Next page available.
2026-09-26 23:29:01,158 | INFO | Requesting page 3
2026-09-26 23:29:01,158 | INFO | URL: https://ll.thespacedevs.com/2.3.0/launcher_configurations/?limit=100&offset=200
2026-09-26 23:29:04,943 | INFO | HTTP Status: 200
2026-09-26 23:29:05,018 | INFO | Raw data saved to: C:\Users\ipran\Documents\demo\Assignment2-space_data_pipeline-\data\raw\launcher_configurations\page_3.json
2026-09-26 23:29:05,018 | INFO | Records in page: 100
2026-09-26 23:29:05,018 | INFO | Total records retrieved: 300
2026-09-26 23:29:05,018 | INFO | Next page available.
2026-09-26 23:29:05,018 | INFO | Requesting page 4
2026-09-26 23:29:05,018 | INFO | URL: https://ll.thespacedevs.com/2.3.0/launcher_configurations/?limit=100&offset=300
2026-09-26 23:29:08,827 | INFO | HTTP Status: 200
2026-09-26 23:29:08,871 | INFO | Raw data saved to: C:\Users\ipran\Documents\demo\Assignment2-space_data_pipeline-\data\raw\launcher_configurations\page_4.json
2026-09-26 23:29:08,871 | INFO | Records in page: 100
2026-09-26 23:29:08,876 | INFO | Total records retrieved: 400
2026-09-26 23:29:08,876 | INFO | Next page available.
2026-09-26 23:29:08,876 | INFO | Requesting page 5
2026-09-26 23:29:08,876 | INFO | URL: https://ll.thespacedevs.com/2.3.0/launcher_configurations/?limit=100&offset=400
2026-09-26 23:29:10,671 | INFO | HTTP Status: 200
2026-09-26 23:29:10,721 | INFO | Raw data saved to: C:\Users\ipran\Documents\demo\Assignment2-space_data_pipeline-\data\raw\launcher_configurations\page_5.json
2026-09-26 23:29:10,721 | INFO | Records in page: 100
2026-09-26 23:29:10,721 | INFO | Total records retrieved: 500
2026-09-26 23:29:10,721 | INFO | Next page available.
2026-09-26 23:29:10,721 | INFO | Requesting page 6
2026-09-26 23:29:10,721 | INFO | URL: https://ll.thespacedevs.com/2.3.0/launcher_configurations/?limit=100&offset=500
2026-09-26 23:29:13,023 | INFO | HTTP Status: 200
2026-09-26 23:29:13,044 | INFO | Raw data saved to: C:\Users\ipran\Documents\demo\Assignment2-space_data_pipeline-\data\raw\launcher_configurations\page_6.json
2026-09-26 23:29:13,044 | INFO | Records in page: 32
2026-09-26 23:29:13,044 | INFO | Total records retrieved: 532
2026-09-26 23:29:13,044 | INFO | No more pages available.
2026-09-26 23:29:13,044 | INFO | Extraction completed for launcher_configurations.
2026-09-26 23:29:13,044 | INFO | Total launcher_configurations records retrieved: 532
2026-09-26 23:29:13,044 | INFO | ======================================================================
2026-09-26 23:29:13,044 | INFO | EXTRACTING: AGENCIES
2026-09-26 23:29:13,044 | INFO | ======================================================================
2026-09-26 23:29:13,044 | INFO | Raw data directory: C:\Users\ipran\Documents\demo\Assignment2-space_data_pipeline-\data\raw\agencies
2026-09-26 23:29:13,044 | INFO | Requesting page 1
2026-09-26 23:29:13,044 | INFO | URL: https://ll.thespacedevs.com/2.3.0/agencies/
2026-09-26 23:29:14,972 | INFO | HTTP Status: 200
2026-09-26 23:29:14,998 | INFO | Raw data saved to: C:\Users\ipran\Documents\demo\Assignment2-space_data_pipeline-\data\raw\agencies\page_1.json
2026-09-26 23:29:15,000 | INFO | Records in page: 100
2026-09-26 23:29:15,000 | INFO | Total records retrieved: 100
2026-09-26 23:29:15,000 | INFO | Next page available.
2026-09-26 23:29:15,000 | INFO | Requesting page 2
2026-09-26 23:29:15,000 | INFO | URL: https://ll.thespacedevs.com/2.3.0/agencies/?limit=100&offset=100
2026-09-26 23:29:16,301 | INFO | HTTP Status: 200
2026-09-26 23:29:16,316 | INFO | Raw data saved to: C:\Users\ipran\Documents\demo\Assignment2-space_data_pipeline-\data\raw\agencies\page_2.json
2026-09-26 23:29:16,316 | INFO | Records in page: 100
2026-09-26 23:29:16,316 | INFO | Total records retrieved: 200
2026-09-26 23:29:16,317 | INFO | Next page available.
2026-09-26 23:29:16,317 | INFO | Requesting page 3
2026-09-26 23:29:16,317 | INFO | URL: https://ll.thespacedevs.com/2.3.0/agencies/?limit=100&offset=200
2026-09-26 23:29:18,147 | INFO | HTTP Status: 200
2026-09-26 23:29:18,160 | INFO | Raw data saved to: C:\Users\ipran\Documents\demo\Assignment2-space_data_pipeline-\data\raw\agencies\page_3.json
2026-09-26 23:29:18,162 | INFO | Records in page: 100
2026-09-26 23:29:18,162 | INFO | Total records retrieved: 300
2026-09-26 23:29:18,164 | INFO | Next page available.
2026-09-26 23:29:18,164 | INFO | Requesting page 4
2026-09-26 23:29:18,164 | INFO | URL: https://ll.thespacedevs.com/2.3.0/agencies/?limit=100&offset=300
2026-09-26 23:29:19,678 | INFO | HTTP Status: 200
2026-09-26 23:29:19,698 | INFO | Raw data saved to: C:\Users\ipran\Documents\demo\Assignment2-space_data_pipeline-\data\raw\agencies\page_4.json
2026-09-26 23:29:19,709 | INFO | Records in page: 50
2026-09-26 23:29:19,709 | INFO | Total records retrieved: 350
2026-09-26 23:29:19,709 | INFO | No more pages available.
2026-09-26 23:29:19,709 | INFO | Extraction completed for agencies.
2026-09-26 23:29:19,709 | INFO | Total agencies records retrieved: 350
2026-09-26 23:29:19,711 | INFO | ======================================================================
2026-09-26 23:29:19,711 | INFO | EXTRACTING: PADS
2026-09-26 23:29:19,711 | INFO | ======================================================================
2026-09-26 23:29:19,711 | INFO | Raw data directory: C:\Users\ipran\Documents\demo\Assignment2-space_data_pipeline-\data\raw\pads
2026-09-26 23:29:19,711 | INFO | Requesting page 1
2026-09-26 23:29:19,711 | INFO | URL: https://ll.thespacedevs.com/2.3.0/pads/
2026-09-26 23:29:23,264 | INFO | HTTP Status: 200
2026-09-26 23:29:23,297 | INFO | Raw data saved to: C:\Users\ipran\Documents\demo\Assignment2-space_data_pipeline-\data\raw\pads\page_1.json
2026-09-26 23:29:23,297 | INFO | Records in page: 100
2026-09-26 23:29:23,297 | INFO | Total records retrieved: 100
2026-09-26 23:29:23,297 | INFO | Next page available.
2026-09-26 23:29:23,297 | INFO | Requesting page 2
2026-09-26 23:29:23,297 | INFO | URL: https://ll.thespacedevs.com/2.3.0/pads/?limit=100&offset=100
2026-09-26 23:29:26,645 | INFO | HTTP Status: 200
2026-09-26 23:29:26,690 | INFO | Raw data saved to: C:\Users\ipran\Documents\demo\Assignment2-space_data_pipeline-\data\raw\pads\page_2.json
2026-09-26 23:29:26,693 | INFO | Records in page: 100
2026-09-26 23:29:26,693 | INFO | Total records retrieved: 200
2026-09-26 23:29:26,693 | INFO | Next page available.
2026-09-26 23:29:26,693 | INFO | Requesting page 3
2026-09-26 23:29:26,694 | INFO | URL: https://ll.thespacedevs.com/2.3.0/pads/?limit=100&offset=200
2026-09-26 23:29:29,607 | INFO | HTTP Status: 200
2026-09-26 23:29:29,631 | INFO | Raw data saved to: C:\Users\ipran\Documents\demo\Assignment2-space_data_pipeline-\data\raw\pads\page_3.json
2026-09-26 23:29:29,633 | INFO | Records in page: 51
2026-09-26 23:29:29,633 | INFO | Total records retrieved: 251
2026-09-26 23:29:29,633 | INFO | No more pages available.
2026-09-26 23:29:29,633 | INFO | Extraction completed for pads.
2026-09-26 23:29:29,633 | INFO | Total pads records retrieved: 251
2026-09-26 23:29:29,633 | INFO | ======================================================================
2026-09-26 23:29:29,633 | INFO | EXTRACTION SUMMARY
2026-09-26 23:29:29,633 | INFO | ======================================================================
2026-09-26 23:29:29,633 | INFO | launches: 200 records
2026-09-26 23:29:29,633 | INFO | launcher_configurations: 532 records
2026-09-26 23:29:29,633 | INFO | agencies: 350 records
2026-09-26 23:29:29,633 | INFO | pads: 251 records
2026-09-26 23:29:29,633 | INFO | ======================================================================
2026-09-26 23:29:29,633 | INFO | SPACE DATA EXTRACTION PIPELINE FINISHED
2026-09-26 23:29:29,633 | INFO | ======================================================================
2026-09-26 23:29:56,541 | INFO | ======================================================================
2026-09-26 23:29:56,541 | INFO | SPACE DATA TRANSFORMATION PIPELINE STARTED
2026-09-26 23:29:56,543 | INFO | ======================================================================
2026-09-26 23:29:56,543 | INFO | Reading raw dataset: agencies
2026-09-26 23:29:56,543 | INFO | Reading: C:\Users\ipran\Documents\demo\Assignment2-space_data_pipeline-\data\raw\agencies\page_1.json
2026-09-26 23:29:56,575 | INFO | Records loaded from file: 100
2026-09-26 23:29:56,575 | INFO | Reading: C:\Users\ipran\Documents\demo\Assignment2-space_data_pipeline-\data\raw\agencies\page_2.json
2026-09-26 23:29:56,633 | INFO | Records loaded from file: 100
2026-09-26 23:29:56,635 | INFO | Reading: C:\Users\ipran\Documents\demo\Assignment2-space_data_pipeline-\data\raw\agencies\page_3.json
2026-09-26 23:29:56,661 | INFO | Records loaded from file: 100
2026-09-26 23:29:56,662 | INFO | Reading: C:\Users\ipran\Documents\demo\Assignment2-space_data_pipeline-\data\raw\agencies\page_4.json
2026-09-26 23:29:56,692 | INFO | Records loaded from file: 50
2026-09-26 23:29:56,692 | INFO | Total raw records for agencies: 350
2026-09-26 23:29:56,692 | INFO | Reading raw dataset: launcher_configurations
2026-09-26 23:29:56,692 | INFO | Reading: C:\Users\ipran\Documents\demo\Assignment2-space_data_pipeline-\data\raw\launcher_configurations\page_1.json
2026-09-26 23:29:56,725 | INFO | Records loaded from file: 100
2026-09-26 23:29:56,725 | INFO | Reading: C:\Users\ipran\Documents\demo\Assignment2-space_data_pipeline-\data\raw\launcher_configurations\page_2.json
2026-09-26 23:29:56,802 | INFO | Records loaded from file: 100
2026-09-26 23:29:56,810 | INFO | Reading: C:\Users\ipran\Documents\demo\Assignment2-space_data_pipeline-\data\raw\launcher_configurations\page_3.json
2026-09-26 23:29:56,845 | INFO | Records loaded from file: 100
2026-09-26 23:29:56,845 | INFO | Reading: C:\Users\ipran\Documents\demo\Assignment2-space_data_pipeline-\data\raw\launcher_configurations\page_4.json
2026-09-26 23:29:56,869 | INFO | Records loaded from file: 100
2026-09-26 23:29:56,869 | INFO | Reading: C:\Users\ipran\Documents\demo\Assignment2-space_data_pipeline-\data\raw\launcher_configurations\page_5.json
2026-09-26 23:29:56,897 | INFO | Records loaded from file: 100
2026-09-26 23:29:56,897 | INFO | Reading: C:\Users\ipran\Documents\demo\Assignment2-space_data_pipeline-\data\raw\launcher_configurations\page_6.json
2026-09-26 23:29:56,916 | INFO | Records loaded from file: 32
2026-09-26 23:29:56,916 | INFO | Total raw records for launcher_configurations: 532
2026-09-26 23:29:56,920 | INFO | Reading raw dataset: pads
2026-09-26 23:29:56,920 | INFO | Reading: C:\Users\ipran\Documents\demo\Assignment2-space_data_pipeline-\data\raw\pads\page_1.json
2026-09-26 23:29:56,947 | INFO | Records loaded from file: 100
2026-09-26 23:29:56,947 | INFO | Reading: C:\Users\ipran\Documents\demo\Assignment2-space_data_pipeline-\data\raw\pads\page_2.json
2026-09-26 23:29:56,976 | INFO | Records loaded from file: 100
2026-09-26 23:29:56,976 | INFO | Reading: C:\Users\ipran\Documents\demo\Assignment2-space_data_pipeline-\data\raw\pads\page_3.json
2026-09-26 23:29:57,004 | INFO | Records loaded from file: 51
2026-09-26 23:29:57,004 | INFO | Total raw records for pads: 251
2026-09-26 23:29:57,004 | INFO | Reading raw dataset: launches
2026-09-26 23:29:57,004 | INFO | Reading: C:\Users\ipran\Documents\demo\Assignment2-space_data_pipeline-\data\raw\launches\page_1.json
2026-09-26 23:29:57,039 | INFO | Records loaded from file: 100
2026-09-26 23:29:57,039 | INFO | Reading: C:\Users\ipran\Documents\demo\Assignment2-space_data_pipeline-\data\raw\launches\page_2.json
2026-09-26 23:29:57,069 | INFO | Records loaded from file: 100
2026-09-26 23:29:57,069 | INFO | Total raw records for launches: 200
2026-09-26 23:29:57,069 | INFO | ======================================================================
2026-09-26 23:29:57,069 | INFO | TRANSFORMING: AGENCIES
2026-09-26 23:29:57,069 | INFO | ======================================================================
2026-09-26 23:29:57,069 | ERROR | Transformation pipeline failed: 'list' object has no attribute 'get'
Traceback (most recent call last):
  File "C:\Users\ipran\Documents\demo\Assignment2-space_data_pipeline-\src\transform.py", line 819, in main
    agencies_df = transform_agencies(
                  ^^^^^^^^^^^^^^^^^^^
  File "C:\Users\ipran\Documents\demo\Assignment2-space_data_pipeline-\src\transform.py", line 106, in transform_agencies
    ).get("name"),
      ^^^
AttributeError: 'list' object has no attribute 'get'
2026-09-26 23:32:39,758 | INFO | ======================================================================
2026-09-26 23:32:39,758 | INFO | SPACE DATA TRANSFORMATION PIPELINE STARTED
2026-09-26 23:32:39,758 | INFO | ======================================================================
2026-09-26 23:32:39,758 | INFO | Reading raw dataset: agencies
2026-09-26 23:32:39,758 | INFO | Reading: C:\Users\ipran\Documents\demo\Assignment2-space_data_pipeline-\data\raw\agencies\page_1.json
2026-09-26 23:32:39,758 | INFO | Records loaded from file: 100
2026-09-26 23:32:39,758 | INFO | Reading: C:\Users\ipran\Documents\demo\Assignment2-space_data_pipeline-\data\raw\agencies\page_2.json
2026-09-26 23:32:39,774 | INFO | Records loaded from file: 100
2026-09-26 23:32:39,778 | INFO | Reading: C:\Users\ipran\Documents\demo\Assignment2-space_data_pipeline-\data\raw\agencies\page_3.json
2026-09-26 23:32:39,793 | INFO | Records loaded from file: 100
2026-09-26 23:32:39,795 | INFO | Reading: C:\Users\ipran\Documents\demo\Assignment2-space_data_pipeline-\data\raw\agencies\page_4.json
2026-09-26 23:32:39,797 | INFO | Records loaded from file: 50
2026-09-26 23:32:39,797 | INFO | Total raw records for agencies: 350
2026-09-26 23:32:39,797 | INFO | Reading raw dataset: launcher_configurations
2026-09-26 23:32:39,797 | INFO | Reading: C:\Users\ipran\Documents\demo\Assignment2-space_data_pipeline-\data\raw\launcher_configurations\page_1.json
2026-09-26 23:32:39,833 | INFO | Records loaded from file: 100
2026-09-26 23:32:39,837 | INFO | Reading: C:\Users\ipran\Documents\demo\Assignment2-space_data_pipeline-\data\raw\launcher_configurations\page_2.json
2026-09-26 23:32:39,863 | INFO | Records loaded from file: 100
2026-09-26 23:32:39,863 | INFO | Reading: C:\Users\ipran\Documents\demo\Assignment2-space_data_pipeline-\data\raw\launcher_configurations\page_3.json
2026-09-26 23:32:39,879 | INFO | Records loaded from file: 100
2026-09-26 23:32:39,881 | INFO | Reading: C:\Users\ipran\Documents\demo\Assignment2-space_data_pipeline-\data\raw\launcher_configurations\page_4.json
2026-09-26 23:32:39,889 | INFO | Records loaded from file: 100
2026-09-26 23:32:39,893 | INFO | Reading: C:\Users\ipran\Documents\demo\Assignment2-space_data_pipeline-\data\raw\launcher_configurations\page_5.json
2026-09-26 23:32:39,899 | INFO | Records loaded from file: 100
2026-09-26 23:32:39,899 | INFO | Reading: C:\Users\ipran\Documents\demo\Assignment2-space_data_pipeline-\data\raw\launcher_configurations\page_6.json
2026-09-26 23:32:39,908 | INFO | Records loaded from file: 32
2026-09-26 23:32:39,910 | INFO | Total raw records for launcher_configurations: 532
2026-09-26 23:32:39,910 | INFO | Reading raw dataset: pads
2026-09-26 23:32:39,910 | INFO | Reading: C:\Users\ipran\Documents\demo\Assignment2-space_data_pipeline-\data\raw\pads\page_1.json
2026-09-26 23:32:39,925 | INFO | Records loaded from file: 100
2026-09-26 23:32:39,925 | INFO | Reading: C:\Users\ipran\Documents\demo\Assignment2-space_data_pipeline-\data\raw\pads\page_2.json
2026-09-26 23:32:39,999 | INFO | Records loaded from file: 100
2026-09-26 23:32:40,001 | INFO | Reading: C:\Users\ipran\Documents\demo\Assignment2-space_data_pipeline-\data\raw\pads\page_3.json
2026-09-26 23:32:40,011 | INFO | Records loaded from file: 51
2026-09-26 23:32:40,011 | INFO | Total raw records for pads: 251
2026-09-26 23:32:40,013 | INFO | Reading raw dataset: launches
2026-09-26 23:32:40,013 | INFO | Reading: C:\Users\ipran\Documents\demo\Assignment2-space_data_pipeline-\data\raw\launches\page_1.json
2026-09-26 23:32:40,041 | INFO | Records loaded from file: 100
2026-09-26 23:32:40,041 | INFO | Reading: C:\Users\ipran\Documents\demo\Assignment2-space_data_pipeline-\data\raw\launches\page_2.json
2026-09-26 23:32:40,059 | INFO | Records loaded from file: 100
2026-09-26 23:32:40,059 | INFO | Total raw records for launches: 200
2026-09-26 23:32:40,061 | INFO | ======================================================================
2026-09-26 23:32:40,061 | INFO | TRANSFORMING: AGENCIES
2026-09-26 23:32:40,061 | INFO | ======================================================================
2026-09-26 23:32:40,061 | WARNING | Agency 225 has unexpected country list format.
2026-09-26 23:32:40,061 | WARNING | Agency 136 has unexpected country list format.
2026-09-26 23:32:40,061 | WARNING | Agency 133 has unexpected country list format.
2026-09-26 23:32:40,061 | WARNING | Agency 2 has unexpected country list format.
2026-09-26 23:32:40,061 | WARNING | Agency 1003 has unexpected country list format.
2026-09-26 23:32:40,063 | WARNING | Agency 282 has unexpected country list format.
2026-09-26 23:32:40,063 | WARNING | Agency 1079 has unexpected country list format.
2026-09-26 23:32:40,063 | WARNING | Agency 178 has unexpected country list format.
2026-09-26 23:32:40,063 | WARNING | Agency 4 has unexpected country list format.
2026-09-26 23:32:40,063 | WARNING | Agency 156 has unexpected country list format.
2026-09-26 23:32:40,063 | WARNING | Agency 251 has unexpected country list format.
2026-09-26 23:32:40,063 | WARNING | Agency 1058 has unexpected country list format.
2026-09-26 23:32:40,063 | WARNING | Agency 134 has unexpected country list format.
2026-09-26 23:32:40,063 | WARNING | Agency 125 has unexpected country list format.
2026-09-26 23:32:40,063 | WARNING | Agency 84 has unexpected country list format.
2026-09-26 23:32:40,063 | WARNING | Agency 131 has unexpected country list format.
2026-09-26 23:32:40,063 | WARNING | Agency 190 has unexpected country list format.
2026-09-26 23:32:40,063 | WARNING | Agency 207 has unexpected country list format.
2026-09-26 23:32:40,067 | WARNING | Agency 1044 has unexpected country list format.
2026-09-26 23:32:40,067 | WARNING | Agency 115 has unexpected country list format.
2026-09-26 23:32:40,067 | WARNING | Agency 139 has unexpected country list format.
2026-09-26 23:32:40,067 | WARNING | Agency 271 has unexpected country list format.
2026-09-26 23:32:40,067 | WARNING | Agency 5 has unexpected country list format.
2026-09-26 23:32:40,067 | WARNING | Agency 6 has unexpected country list format.
2026-09-26 23:32:40,067 | WARNING | Agency 7 has unexpected country list format.
2026-09-26 23:32:40,067 | WARNING | Agency 1063 has unexpected country list format.
2026-09-26 23:32:40,069 | WARNING | Agency 285 has unexpected country list format.
2026-09-26 23:32:40,069 | WARNING | Agency 81 has unexpected country list format.
2026-09-26 23:32:40,069 | WARNING | Agency 1069 has unexpected country list format.
2026-09-26 23:32:40,069 | WARNING | Agency 85 has unexpected country list format.
2026-09-26 23:32:40,069 | WARNING | Agency 1077 has unexpected country list format.
2026-09-26 23:32:40,069 | WARNING | Agency 1094 has unexpected country list format.
2026-09-26 23:32:40,069 | WARNING | Agency 8 has unexpected country list format.
2026-09-26 23:32:40,069 | WARNING | Agency 255 has unexpected country list format.
2026-09-26 23:32:40,069 | WARNING | Agency 159 has unexpected country list format.
2026-09-26 23:32:40,071 | WARNING | Agency 1022 has unexpected country list format.
2026-09-26 23:32:40,071 | WARNING | Agency 9 has unexpected country list format.
2026-09-26 23:32:40,071 | WARNING | Agency 86 has unexpected country list format.
2026-09-26 23:32:40,072 | WARNING | Agency 1 has unexpected country list format.
2026-09-26 23:32:40,072 | WARNING | Agency 10 has unexpected country list format.
2026-09-26 23:32:40,072 | WARNING | Agency 140 has unexpected country list format.
2026-09-26 23:32:40,072 | WARNING | Agency 1064 has unexpected country list format.
2026-09-26 23:32:40,072 | WARNING | Agency 141 has unexpected country list format.
2026-09-26 23:32:40,072 | WARNING | Agency 80 has unexpected country list format.
2026-09-26 23:32:40,072 | WARNING | Agency 11 has unexpected country list format.
2026-09-26 23:32:40,072 | WARNING | Agency 14 has unexpected country list format.
2026-09-26 23:32:40,072 | WARNING | Agency 12 has unexpected country list format.
2026-09-26 23:32:40,072 | WARNING | Agency 157 has unexpected country list format.
2026-09-26 23:32:40,075 | WARNING | Agency 87 has unexpected country list format.
2026-09-26 23:32:40,075 | WARNING | Agency 254 has unexpected country list format.
2026-09-26 23:32:40,075 | WARNING | Agency 230 has unexpected country list format.
2026-09-26 23:32:40,075 | WARNING | Agency 15 has unexpected country list format.
2026-09-26 23:32:40,075 | WARNING | Agency 1055 has unexpected country list format.
2026-09-26 23:32:40,075 | WARNING | Agency 1072 has unexpected country list format.
2026-09-26 23:32:40,075 | WARNING | Agency 146 has unexpected country list format.
2026-09-26 23:32:40,075 | WARNING | Agency 16 has unexpected country list format.
2026-09-26 23:32:40,075 | WARNING | Agency 1059 has unexpected country list format.
2026-09-26 23:32:40,075 | WARNING | Agency 1040 has unexpected country list format.
2026-09-26 23:32:40,077 | WARNING | Agency 19 has unexpected country list format.
2026-09-26 23:32:40,077 | WARNING | Agency 189 has unexpected country list format.
2026-09-26 23:32:40,077 | WARNING | Agency 184 has unexpected country list format.
2026-09-26 23:32:40,077 | WARNING | Agency 88 has unexpected country list format.
2026-09-26 23:32:40,077 | WARNING | Agency 177 has unexpected country list format.
2026-09-26 23:32:40,077 | WARNING | Agency 17 has unexpected country list format.
2026-09-26 23:32:40,077 | WARNING | Agency 272 has unexpected country list format.
2026-09-26 23:32:40,077 | WARNING | Agency 1106 has unexpected country list format.
2026-09-26 23:32:40,077 | WARNING | Agency 158 has unexpected country list format.
2026-09-26 23:32:40,077 | WARNING | Agency 18 has unexpected country list format.
2026-09-26 23:32:40,077 | WARNING | Agency 1027 has unexpected country list format.
2026-09-26 23:32:40,077 | WARNING | Agency 22 has unexpected country list format.
2026-09-26 23:32:40,077 | WARNING | Agency 20 has unexpected country list format.
2026-09-26 23:32:40,077 | WARNING | Agency 21 has unexpected country list format.
2026-09-26 23:32:40,077 | WARNING | Agency 1004 has unexpected country list format.
2026-09-26 23:32:40,080 | WARNING | Agency 142 has unexpected country list format.
2026-09-26 23:32:40,080 | WARNING | Agency 23 has unexpected country list format.
2026-09-26 23:32:40,080 | WARNING | Agency 25 has unexpected country list format.
2026-09-26 23:32:40,080 | WARNING | Agency 1102 has unexpected country list format.
2026-09-26 23:32:40,080 | WARNING | Agency 126 has unexpected country list format.
2026-09-26 23:32:40,080 | WARNING | Agency 1054 has unexpected country list format.
2026-09-26 23:32:40,080 | WARNING | Agency 1012 has unexpected country list format.
2026-09-26 23:32:40,080 | WARNING | Agency 212 has unexpected country list format.
2026-09-26 23:32:40,080 | WARNING | Agency 233 has unexpected country list format.
2026-09-26 23:32:40,080 | WARNING | Agency 236 has unexpected country list format.
2026-09-26 23:32:40,080 | WARNING | Agency 1073 has unexpected country list format.
2026-09-26 23:32:40,080 | WARNING | Agency 116 has unexpected country list format.
2026-09-26 23:32:40,080 | WARNING | Agency 249 has unexpected country list format.
2026-09-26 23:32:40,080 | WARNING | Agency 1000 has unexpected country list format.
2026-09-26 23:32:40,080 | WARNING | Agency 1038 has unexpected country list format.
2026-09-26 23:32:40,080 | WARNING | Agency 117 has unexpected country list format.
2026-09-26 23:32:40,080 | WARNING | Agency 1015 has unexpected country list format.
2026-09-26 23:32:40,080 | WARNING | Agency 232 has unexpected country list format.
2026-09-26 23:32:40,080 | WARNING | Agency 27 has unexpected country list format.
2026-09-26 23:32:40,080 | WARNING | Agency 1019 has unexpected country list format.
2026-09-26 23:32:40,080 | WARNING | Agency 1043 has unexpected country list format.
2026-09-26 23:32:40,080 | WARNING | Agency 229 has unexpected country list format.
2026-09-26 23:32:40,080 | WARNING | Agency 1081 has unexpected country list format.
2026-09-26 23:32:40,080 | WARNING | Agency 1001 has unexpected country list format.
2026-09-26 23:32:40,085 | WARNING | Agency 194 has unexpected country list format.
2026-09-26 23:32:40,085 | WARNING | Agency 89 has unexpected country list format.
2026-09-26 23:32:40,085 | WARNING | Agency 60 has unexpected country list format.
2026-09-26 23:32:40,085 | WARNING | Agency 265 has unexpected country list format.
2026-09-26 23:32:40,085 | WARNING | Agency 90 has unexpected country list format.
2026-09-26 23:32:40,085 | WARNING | Agency 253 has unexpected country list format.
2026-09-26 23:32:40,085 | WARNING | Agency 1021 has unexpected country list format.
2026-09-26 23:32:40,085 | WARNING | Agency 106 has unexpected country list format.
2026-09-26 23:32:40,085 | WARNING | Agency 91 has unexpected country list format.
2026-09-26 23:32:40,087 | WARNING | Agency 28 has unexpected country list format.
2026-09-26 23:32:40,087 | WARNING | Agency 224 has unexpected country list format.
2026-09-26 23:32:40,087 | WARNING | Agency 29 has unexpected country list format.
2026-09-26 23:32:40,087 | WARNING | Agency 188 has unexpected country list format.
2026-09-26 23:32:40,088 | WARNING | Agency 187 has unexpected country list format.
2026-09-26 23:32:40,088 | WARNING | Agency 204 has unexpected country list format.
2026-09-26 23:32:40,088 | WARNING | Agency 92 has unexpected country list format.
2026-09-26 23:32:40,088 | WARNING | Agency 1061 has unexpected country list format.
2026-09-26 23:32:40,088 | WARNING | Agency 1031 has unexpected country list format.
2026-09-26 23:32:40,088 | WARNING | Agency 238 has unexpected country list format.
2026-09-26 23:32:40,088 | WARNING | Agency 250 has unexpected country list format.
2026-09-26 23:32:40,088 | WARNING | Agency 243 has unexpected country list format.
2026-09-26 23:32:40,088 | WARNING | Agency 93 has unexpected country list format.
2026-09-26 23:32:40,088 | WARNING | Agency 1088 has unexpected country list format.
2026-09-26 23:32:40,088 | WARNING | Agency 30 has unexpected country list format.
2026-09-26 23:32:40,088 | WARNING | Agency 1066 has unexpected country list format.
2026-09-26 23:32:40,088 | WARNING | Agency 1101 has unexpected country list format.
2026-09-26 23:32:40,088 | WARNING | Agency 94 has unexpected country list format.
2026-09-26 23:32:40,088 | WARNING | Agency 31 has unexpected country list format.
2026-09-26 23:32:40,088 | WARNING | Agency 1096 has unexpected country list format.
2026-09-26 23:32:40,088 | WARNING | Agency 205 has unexpected country list format.
2026-09-26 23:32:40,088 | WARNING | Agency 1098 has unexpected country list format.
2026-09-26 23:32:40,088 | WARNING | Agency 1092 has unexpected country list format.
2026-09-26 23:32:40,088 | WARNING | Agency 32 has unexpected country list format.
2026-09-26 23:32:40,088 | WARNING | Agency 1009 has unexpected country list format.
2026-09-26 23:32:40,088 | WARNING | Agency 33 has unexpected country list format.
2026-09-26 23:32:40,088 | WARNING | Agency 206 has unexpected country list format.
2026-09-26 23:32:40,088 | WARNING | Agency 1078 has unexpected country list format.
2026-09-26 23:32:40,088 | WARNING | Agency 118 has unexpected country list format.
2026-09-26 23:32:40,088 | WARNING | Agency 149 has unexpected country list format.
2026-09-26 23:32:40,088 | WARNING | Agency 1002 has unexpected country list format.
2026-09-26 23:32:40,088 | WARNING | Agency 1067 has unexpected country list format.
2026-09-26 23:32:40,088 | WARNING | Agency 113 has unexpected country list format.
2026-09-26 23:32:40,088 | WARNING | Agency 34 has unexpected country list format.
2026-09-26 23:32:40,088 | WARNING | Agency 202 has unexpected country list format.
2026-09-26 23:32:40,088 | WARNING | Agency 1046 has unexpected country list format.
2026-09-26 23:32:40,088 | WARNING | Agency 119 has unexpected country list format.
2026-09-26 23:32:40,088 | WARNING | Agency 1095 has unexpected country list format.
2026-09-26 23:32:40,088 | WARNING | Agency 1032 has unexpected country list format.
2026-09-26 23:32:40,088 | WARNING | Agency 1091 has unexpected country list format.
2026-09-26 23:32:40,088 | WARNING | Agency 274 has unexpected country list format.
2026-09-26 23:32:40,095 | WARNING | Agency 95 has unexpected country list format.
2026-09-26 23:32:40,095 | WARNING | Agency 35 has unexpected country list format.
2026-09-26 23:32:40,095 | WARNING | Agency 1050 has unexpected country list format.
2026-09-26 23:32:40,095 | WARNING | Agency 36 has unexpected country list format.
2026-09-26 23:32:40,095 | WARNING | Agency 37 has unexpected country list format.
2026-09-26 23:32:40,095 | WARNING | Agency 1090 has unexpected country list format.
2026-09-26 23:32:40,095 | WARNING | Agency 79 has unexpected country list format.
2026-09-26 23:32:40,095 | WARNING | Agency 1107 has unexpected country list format.
2026-09-26 23:32:40,095 | WARNING | Agency 39 has unexpected country list format.
2026-09-26 23:32:40,095 | WARNING | Agency 1010 has unexpected country list format.
2026-09-26 23:32:40,097 | WARNING | Agency 96 has unexpected country list format.
2026-09-26 23:32:40,097 | WARNING | Agency 1082 has unexpected country list format.
2026-09-26 23:32:40,097 | WARNING | Agency 132 has unexpected country list format.
2026-09-26 23:32:40,097 | WARNING | Agency 1087 has unexpected country list format.
2026-09-26 23:32:40,097 | WARNING | Agency 1089 has unexpected country list format.
2026-09-26 23:32:40,097 | WARNING | Agency 41 has unexpected country list format.
2026-09-26 23:32:40,097 | WARNING | Agency 261 has unexpected country list format.
2026-09-26 23:32:40,097 | WARNING | Agency 40 has unexpected country list format.
2026-09-26 23:32:40,097 | WARNING | Agency 196 has unexpected country list format.
2026-09-26 23:32:40,097 | WARNING | Agency 259 has unexpected country list format.
2026-09-26 23:32:40,097 | WARNING | Agency 1100 has unexpected country list format.
2026-09-26 23:32:40,097 | WARNING | Agency 1075 has unexpected country list format.
2026-09-26 23:32:40,097 | WARNING | Agency 42 has unexpected country list format.
2026-09-26 23:32:40,099 | WARNING | Agency 82 has unexpected country list format.
2026-09-26 23:32:40,099 | WARNING | Agency 197 has unexpected country list format.
2026-09-26 23:32:40,099 | WARNING | Agency 192 has unexpected country list format.
2026-09-26 23:32:40,099 | WARNING | Agency 1030 has unexpected country list format.
2026-09-26 23:32:40,099 | WARNING | Agency 1039 has unexpected country list format.
2026-09-26 23:32:40,099 | WARNING | Agency 1103 has unexpected country list format.
2026-09-26 23:32:40,099 | WARNING | Agency 1013 has unexpected country list format.
2026-09-26 23:32:40,099 | WARNING | Agency 43 has unexpected country list format.
2026-09-26 23:32:40,099 | WARNING | Agency 1014 has unexpected country list format.
2026-09-26 23:32:40,099 | WARNING | Agency 150 has unexpected country list format.
2026-09-26 23:32:40,099 | WARNING | Agency 1057 has unexpected country list format.
2026-09-26 23:32:40,101 | WARNING | Agency 153 has unexpected country list format.
2026-09-26 23:32:40,101 | WARNING | Agency 252 has unexpected country list format.
2026-09-26 23:32:40,101 | WARNING | Agency 256 has unexpected country list format.
2026-09-26 23:32:40,101 | WARNING | Agency 3 has unexpected country list format.
2026-09-26 23:32:40,101 | WARNING | Agency 1037 has unexpected country list format.
2026-09-26 23:32:40,101 | WARNING | Agency 175 has unexpected country list format.
2026-09-26 23:32:40,101 | WARNING | Agency 1036 has unexpected country list format.
2026-09-26 23:32:40,101 | WARNING | Agency 24 has unexpected country list format.
2026-09-26 23:32:40,101 | WARNING | Agency 213 has unexpected country list format.
2026-09-26 23:32:40,101 | WARNING | Agency 1085 has unexpected country list format.
2026-09-26 23:32:40,103 | WARNING | Agency 98 has unexpected country list format.
2026-09-26 23:32:40,103 | WARNING | Agency 198 has unexpected country list format.
2026-09-26 23:32:40,103 | WARNING | Agency 1011 has unexpected country list format.
2026-09-26 23:32:40,103 | WARNING | Agency 1086 has unexpected country list format.
2026-09-26 23:32:40,103 | WARNING | Agency 44 has unexpected country list format.
2026-09-26 23:32:40,103 | WARNING | Agency 1074 has unexpected country list format.
2026-09-26 23:32:40,104 | WARNING | Agency 45 has unexpected country list format.
2026-09-26 23:32:40,104 | WARNING | Agency 46 has unexpected country list format.
2026-09-26 23:32:40,104 | WARNING | Agency 47 has unexpected country list format.
2026-09-26 23:32:40,104 | WARNING | Agency 48 has unexpected country list format.
2026-09-26 23:32:40,104 | WARNING | Agency 1105 has unexpected country list format.
2026-09-26 23:32:40,104 | WARNING | Agency 50 has unexpected country list format.
2026-09-26 23:32:40,104 | WARNING | Agency 210 has unexpected country list format.
2026-09-26 23:32:40,105 | WARNING | Agency 181 has unexpected country list format.
2026-09-26 23:32:40,105 | WARNING | Agency 51 has unexpected country list format.
2026-09-26 23:32:40,105 | WARNING | Agency 52 has unexpected country list format.
2026-09-26 23:32:40,105 | WARNING | Agency 1018 has unexpected country list format.
2026-09-26 23:32:40,105 | WARNING | Agency 211 has unexpected country list format.
2026-09-26 23:32:40,105 | WARNING | Agency 49 has unexpected country list format.
2026-09-26 23:32:40,105 | WARNING | Agency 38 has unexpected country list format.
2026-09-26 23:32:40,105 | WARNING | Agency 182 has unexpected country list format.
2026-09-26 23:32:40,105 | WARNING | Agency 54 has unexpected country list format.
2026-09-26 23:32:40,105 | WARNING | Agency 228 has unexpected country list format.
2026-09-26 23:32:40,105 | WARNING | Agency 55 has unexpected country list format.
2026-09-26 23:32:40,105 | WARNING | Agency 56 has unexpected country list format.
2026-09-26 23:32:40,105 | WARNING | Agency 57 has unexpected country list format.
2026-09-26 23:32:40,105 | WARNING | Agency 1034 has unexpected country list format.
2026-09-26 23:32:40,105 | WARNING | Agency 1097 has unexpected country list format.
2026-09-26 23:32:40,105 | WARNING | Agency 999 has unexpected country list format.
2026-09-26 23:32:40,105 | WARNING | Agency 257 has unexpected country list format.
2026-09-26 23:32:40,105 | WARNING | Agency 99 has unexpected country list format.
2026-09-26 23:32:40,105 | WARNING | Agency 1060 has unexpected country list format.
2026-09-26 23:32:40,105 | WARNING | Agency 58 has unexpected country list format.
2026-09-26 23:32:40,105 | WARNING | Agency 97 has unexpected country list format.
2026-09-26 23:32:40,105 | WARNING | Agency 77 has unexpected country list format.
2026-09-26 23:32:40,110 | WARNING | Agency 263 has unexpected country list format.
2026-09-26 23:32:40,110 | WARNING | Agency 240 has unexpected country list format.
2026-09-26 23:32:40,110 | WARNING | Agency 1033 has unexpected country list format.
2026-09-26 23:32:40,110 | WARNING | Agency 179 has unexpected country list format.
2026-09-26 23:32:40,110 | WARNING | Agency 100 has unexpected country list format.
2026-09-26 23:32:40,110 | WARNING | Agency 1080 has unexpected country list format.
2026-09-26 23:32:40,110 | WARNING | Agency 1068 has unexpected country list format.
2026-09-26 23:32:40,110 | WARNING | Agency 59 has unexpected country list format.
2026-09-26 23:32:40,110 | WARNING | Agency 226 has unexpected country list format.
2026-09-26 23:32:40,110 | WARNING | Agency 242 has unexpected country list format.
2026-09-26 23:32:40,110 | WARNING | Agency 1051 has unexpected country list format.
2026-09-26 23:32:40,110 | WARNING | Agency 162 has unexpected country list format.
2026-09-26 23:32:40,112 | WARNING | Agency 101 has unexpected country list format.
2026-09-26 23:32:40,112 | WARNING | Agency 128 has unexpected country list format.
2026-09-26 23:32:40,112 | WARNING | Agency 260 has unexpected country list format.
2026-09-26 23:32:40,112 | WARNING | Agency 143 has unexpected country list format.
2026-09-26 23:32:40,112 | WARNING | Agency 186 has unexpected country list format.
2026-09-26 23:32:40,112 | WARNING | Agency 154 has unexpected country list format.
2026-09-26 23:32:40,112 | WARNING | Agency 111 has unexpected country list format.
2026-09-26 23:32:40,113 | WARNING | Agency 248 has unexpected country list format.
2026-09-26 23:32:40,113 | WARNING | Agency 1070 has unexpected country list format.
2026-09-26 23:32:40,113 | WARNING | Agency 237 has unexpected country list format.
2026-09-26 23:32:40,113 | WARNING | Agency 1084 has unexpected country list format.
2026-09-26 23:32:40,113 | WARNING | Agency 1065 has unexpected country list format.
2026-09-26 23:32:40,113 | WARNING | Agency 137 has unexpected country list format.
2026-09-26 23:32:40,113 | WARNING | Agency 245 has unexpected country list format.
2026-09-26 23:32:40,113 | WARNING | Agency 266 has unexpected country list format.
2026-09-26 23:32:40,113 | WARNING | Agency 1076 has unexpected country list format.
2026-09-26 23:32:40,113 | WARNING | Agency 103 has unexpected country list format.
2026-09-26 23:32:40,113 | WARNING | Agency 127 has unexpected country list format.
2026-09-26 23:32:40,113 | WARNING | Agency 135 has unexpected country list format.
2026-09-26 23:32:40,113 | WARNING | Agency 1045 has unexpected country list format.
2026-09-26 23:32:40,116 | WARNING | Agency 147 has unexpected country list format.
2026-09-26 23:32:40,116 | WARNING | Agency 102 has unexpected country list format.
2026-09-26 23:32:40,116 | WARNING | Agency 61 has unexpected country list format.
2026-09-26 23:32:40,116 | WARNING | Agency 1005 has unexpected country list format.
2026-09-26 23:32:40,116 | WARNING | Agency 160 has unexpected country list format.
2026-09-26 23:32:40,116 | WARNING | Agency 62 has unexpected country list format.
2026-09-26 23:32:40,116 | WARNING | Agency 130 has unexpected country list format.
2026-09-26 23:32:40,116 | WARNING | Agency 163 has unexpected country list format.
2026-09-26 23:32:40,116 | WARNING | Agency 63 has unexpected country list format.
2026-09-26 23:32:40,116 | WARNING | Agency 193 has unexpected country list format.
2026-09-26 23:32:40,116 | WARNING | Agency 195 has unexpected country list format.
2026-09-26 23:32:40,116 | WARNING | Agency 239 has unexpected country list format.
2026-09-26 23:32:40,116 | WARNING | Agency 1047 has unexpected country list format.
2026-09-26 23:32:40,116 | WARNING | Agency 144 has unexpected country list format.
2026-09-26 23:32:40,116 | WARNING | Agency 1017 has unexpected country list format.
2026-09-26 23:32:40,116 | WARNING | Agency 148 has unexpected country list format.
2026-09-26 23:32:40,116 | WARNING | Agency 122 has unexpected country list format.
2026-09-26 23:32:40,116 | WARNING | Agency 203 has unexpected country list format.
2026-09-26 23:32:40,116 | WARNING | Agency 1035 has unexpected country list format.
2026-09-26 23:32:40,116 | WARNING | Agency 1020 has unexpected country list format.
2026-09-26 23:32:40,116 | WARNING | Agency 231 has unexpected country list format.
2026-09-26 23:32:40,116 | WARNING | Agency 1099 has unexpected country list format.
2026-09-26 23:32:40,116 | WARNING | Agency 1042 has unexpected country list format.
2026-09-26 23:32:40,116 | WARNING | Agency 138 has unexpected country list format.
2026-09-26 23:32:40,116 | WARNING | Agency 1008 has unexpected country list format.
2026-09-26 23:32:40,116 | WARNING | Agency 69 has unexpected country list format.
2026-09-26 23:32:40,121 | WARNING | Agency 1028 has unexpected country list format.
2026-09-26 23:32:40,121 | WARNING | Agency 66 has unexpected country list format.
2026-09-26 23:32:40,121 | WARNING | Agency 1023 has unexpected country list format.
2026-09-26 23:32:40,122 | WARNING | Agency 105 has unexpected country list format.
2026-09-26 23:32:40,122 | WARNING | Agency 1056 has unexpected country list format.
2026-09-26 23:32:40,122 | WARNING | Agency 1026 has unexpected country list format.
2026-09-26 23:32:40,122 | WARNING | Agency 167 has unexpected country list format.
2026-09-26 23:32:40,122 | WARNING | Agency 1083 has unexpected country list format.
2026-09-26 23:32:40,122 | WARNING | Agency 1049 has unexpected country list format.
2026-09-26 23:32:40,122 | WARNING | Agency 120 has unexpected country list format.
2026-09-26 23:32:40,122 | WARNING | Agency 67 has unexpected country list format.
2026-09-26 23:32:40,122 | WARNING | Agency 68 has unexpected country list format.
2026-09-26 23:32:40,122 | WARNING | Agency 70 has unexpected country list format.
2026-09-26 23:32:40,122 | WARNING | Agency 1007 has unexpected country list format.
2026-09-26 23:32:40,122 | WARNING | Agency 83 has unexpected country list format.
2026-09-26 23:32:40,122 | WARNING | Agency 121 has unexpected country list format.
2026-09-26 23:32:40,122 | WARNING | Agency 104 has unexpected country list format.
2026-09-26 23:32:40,122 | WARNING | Agency 214 has unexpected country list format.
2026-09-26 23:32:40,122 | WARNING | Agency 64 has unexpected country list format.
2026-09-26 23:32:40,122 | WARNING | Agency 244 has unexpected country list format.
2026-09-26 23:32:40,122 | WARNING | Agency 123 has unexpected country list format.
2026-09-26 23:32:40,122 | WARNING | Agency 1048 has unexpected country list format.
2026-09-26 23:32:40,122 | WARNING | Agency 270 has unexpected country list format.
2026-09-26 23:32:40,122 | WARNING | Agency 107 has unexpected country list format.
2026-09-26 23:32:40,122 | WARNING | Agency 108 has unexpected country list format.
2026-09-26 23:32:40,122 | WARNING | Agency 76 has unexpected country list format.
2026-09-26 23:32:40,122 | WARNING | Agency 151 has unexpected country list format.
2026-09-26 23:32:40,122 | WARNING | Agency 71 has unexpected country list format.
2026-09-26 23:32:40,122 | WARNING | Agency 1071 has unexpected country list format.
2026-09-26 23:32:40,122 | WARNING | Agency 1104 has unexpected country list format.
2026-09-26 23:32:40,122 | WARNING | Agency 26 has unexpected country list format.
2026-09-26 23:32:40,122 | WARNING | Agency 208 has unexpected country list format.
2026-09-26 23:32:40,122 | WARNING | Agency 129 has unexpected country list format.
2026-09-26 23:32:40,122 | WARNING | Agency 235 has unexpected country list format.
2026-09-26 23:32:40,122 | WARNING | Agency 78 has unexpected country list format.
2026-09-26 23:32:40,122 | WARNING | Agency 1029 has unexpected country list format.
2026-09-26 23:32:40,122 | WARNING | Agency 110 has unexpected country list format.
2026-09-26 23:32:40,122 | WARNING | Agency 65 has unexpected country list format.
2026-09-26 23:32:40,122 | WARNING | Agency 109 has unexpected country list format.
2026-09-26 23:32:40,122 | WARNING | Agency 1053 has unexpected country list format.
2026-09-26 23:32:40,122 | WARNING | Agency 72 has unexpected country list format.
2026-09-26 23:32:40,122 | WARNING | Agency 247 has unexpected country list format.
2026-09-26 23:32:40,130 | WARNING | Agency 227 has unexpected country list format.
2026-09-26 23:32:40,130 | WARNING | Agency 13 has unexpected country list format.
2026-09-26 23:32:40,130 | WARNING | Agency 124 has unexpected country list format.
2026-09-26 23:32:40,130 | WARNING | Agency 191 has unexpected country list format.
2026-09-26 23:32:40,130 | WARNING | Agency 161 has unexpected country list format.
2026-09-26 23:32:40,130 | WARNING | Agency 1025 has unexpected country list format.
2026-09-26 23:32:40,130 | WARNING | Agency 1041 has unexpected country list format.
2026-09-26 23:32:40,130 | WARNING | Agency 183 has unexpected country list format.
2026-09-26 23:32:40,130 | WARNING | Agency 152 has unexpected country list format.
2026-09-26 23:32:40,130 | WARNING | Agency 165 has unexpected country list format.
2026-09-26 23:32:40,130 | WARNING | Agency 166 has unexpected country list format.
2026-09-26 23:32:40,130 | WARNING | Agency 53 has unexpected country list format.
2026-09-26 23:32:40,130 | WARNING | Agency 1093 has unexpected country list format.
2026-09-26 23:32:40,130 | WARNING | Agency 201 has unexpected country list format.
2026-09-26 23:32:40,130 | WARNING | Agency 1062 has unexpected country list format.
2026-09-26 23:32:40,130 | WARNING | Agency 246 has unexpected country list format.
2026-09-26 23:32:40,130 | WARNING | Agency 1024 has unexpected country list format.
2026-09-26 23:32:40,130 | WARNING | Agency 199 has unexpected country list format.
2026-09-26 23:32:40,130 | WARNING | Agency 1006 has unexpected country list format.
2026-09-26 23:32:40,130 | WARNING | Agency 1016 has unexpected country list format.
2026-09-26 23:32:40,130 | WARNING | Agency 241 has unexpected country list format.
2026-09-26 23:32:40,130 | WARNING | Agency 145 has unexpected country list format.
2026-09-26 23:32:40,130 | WARNING | Agency 234 has unexpected country list format.
2026-09-26 23:32:40,130 | WARNING | Agency 112 has unexpected country list format.
2026-09-26 23:32:40,157 | INFO | Duplicate agencies removed: 0
2026-09-26 23:32:40,165 | INFO | Missing agency country values: 350
2026-09-26 23:32:40,165 | INFO | Processed agency records: 350
2026-09-26 23:32:40,165 | INFO | ======================================================================
2026-09-26 23:32:40,165 | INFO | TRANSFORMING: LAUNCHER CONFIGURATIONS
2026-09-26 23:32:40,167 | INFO | ======================================================================
2026-09-26 23:32:40,168 | INFO | Duplicate launcher configurations removed: 0
2026-09-26 23:32:40,172 | INFO | Launcher configuration transformation completed.
2026-09-26 23:32:40,172 | INFO | Processed records: 532
2026-09-26 23:32:40,172 | INFO | ======================================================================
2026-09-26 23:32:40,172 | INFO | TRANSFORMING: PADS
2026-09-26 23:32:40,172 | INFO | ======================================================================
2026-09-26 23:32:40,179 | INFO | Duplicate pads removed: 39
2026-09-26 23:32:40,183 | INFO | Processed pad records: 212
2026-09-26 23:32:40,183 | INFO | ======================================================================
2026-09-26 23:32:40,183 | INFO | TRANSFORMING: LAUNCHES
2026-09-26 23:32:40,183 | INFO | ======================================================================
2026-09-26 23:32:40,185 | INFO | Duplicate launches removed: 0
2026-09-26 23:32:40,191 | INFO | Launches with unmatched agencies: 0
2026-09-26 23:32:40,202 | INFO | Launches with unmatched launcher configurations: 0
2026-09-26 23:32:40,202 | INFO | Launches with unmatched pads: 7
2026-09-26 23:32:40,202 | INFO | Processed launch records: 200
2026-09-26 23:32:40,207 | INFO | Processed data saved to: C:\Users\ipran\Documents\demo\Assignment2-space_data_pipeline-\data\processed\agencies.csv
2026-09-26 23:32:40,216 | INFO | Processed data saved to: C:\Users\ipran\Documents\demo\Assignment2-space_data_pipeline-\data\processed\launcher_configurations.csv
2026-09-26 23:32:40,216 | INFO | Processed data saved to: C:\Users\ipran\Documents\demo\Assignment2-space_data_pipeline-\data\processed\pads.csv
2026-09-26 23:32:40,228 | INFO | Processed data saved to: C:\Users\ipran\Documents\demo\Assignment2-space_data_pipeline-\data\processed\launches.csv
2026-09-26 23:32:40,228 | INFO | ======================================================================
2026-09-26 23:32:40,228 | INFO | TRANSFORMATION SUMMARY
2026-09-26 23:32:40,228 | INFO | ======================================================================
2026-09-26 23:32:40,228 | INFO | Agencies: 350
2026-09-26 23:32:40,228 | INFO | Launcher configurations: 532
2026-09-26 23:32:40,228 | INFO | Pads: 212
2026-09-26 23:32:40,228 | INFO | Launches: 200
2026-09-26 23:32:40,228 | INFO | ======================================================================
2026-09-26 23:32:40,228 | INFO | SPACE DATA TRANSFORMATION PIPELINE COMPLETED
2026-09-26 23:32:40,228 | INFO | ======================================================================
2026-09-26 23:43:45,374 | INFO | ======================================================================
2026-09-26 23:43:45,386 | INFO | SPACE DATA TRANSFORMATION PIPELINE STARTED
2026-09-26 23:43:45,388 | INFO | ======================================================================
2026-09-26 23:43:45,389 | INFO | Reading raw dataset: agencies
2026-09-26 23:43:45,415 | INFO | Reading: C:\Users\ipran\Documents\demo\Assignment2-space_data_pipeline-\data\raw\agencies\page_1.json
2026-09-26 23:43:45,423 | INFO | Records loaded from file: 100
2026-09-26 23:43:45,423 | INFO | Reading: C:\Users\ipran\Documents\demo\Assignment2-space_data_pipeline-\data\raw\agencies\page_2.json
2026-09-26 23:43:45,427 | INFO | Records loaded from file: 100
2026-09-26 23:43:45,429 | INFO | Reading: C:\Users\ipran\Documents\demo\Assignment2-space_data_pipeline-\data\raw\agencies\page_3.json
2026-09-26 23:43:45,439 | INFO | Records loaded from file: 100
2026-09-26 23:43:45,439 | INFO | Reading: C:\Users\ipran\Documents\demo\Assignment2-space_data_pipeline-\data\raw\agencies\page_4.json
2026-09-26 23:43:45,440 | INFO | Records loaded from file: 50
2026-09-26 23:43:45,517 | INFO | Total raw records for agencies: 350
2026-09-26 23:43:45,517 | INFO | Reading raw dataset: launcher_configurations
2026-09-26 23:43:45,517 | INFO | Reading: C:\Users\ipran\Documents\demo\Assignment2-space_data_pipeline-\data\raw\launcher_configurations\page_1.json
2026-09-26 23:43:45,546 | INFO | Records loaded from file: 100
2026-09-26 23:43:45,546 | INFO | Reading: C:\Users\ipran\Documents\demo\Assignment2-space_data_pipeline-\data\raw\launcher_configurations\page_2.json
2026-09-26 23:43:45,561 | INFO | Records loaded from file: 100
2026-09-26 23:43:45,561 | INFO | Reading: C:\Users\ipran\Documents\demo\Assignment2-space_data_pipeline-\data\raw\launcher_configurations\page_3.json
2026-09-26 23:43:45,582 | INFO | Records loaded from file: 100
2026-09-26 23:43:45,582 | INFO | Reading: C:\Users\ipran\Documents\demo\Assignment2-space_data_pipeline-\data\raw\launcher_configurations\page_4.json
2026-09-26 23:43:45,593 | INFO | Records loaded from file: 100
2026-09-26 23:43:45,593 | INFO | Reading: C:\Users\ipran\Documents\demo\Assignment2-space_data_pipeline-\data\raw\launcher_configurations\page_5.json
2026-09-26 23:43:45,601 | INFO | Records loaded from file: 100
2026-09-26 23:43:45,601 | INFO | Reading: C:\Users\ipran\Documents\demo\Assignment2-space_data_pipeline-\data\raw\launcher_configurations\page_6.json
2026-09-26 23:43:45,610 | INFO | Records loaded from file: 32
2026-09-26 23:43:45,610 | INFO | Total raw records for launcher_configurations: 532
2026-09-26 23:43:45,612 | INFO | Reading raw dataset: pads
2026-09-26 23:43:45,613 | INFO | Reading: C:\Users\ipran\Documents\demo\Assignment2-space_data_pipeline-\data\raw\pads\page_1.json
2026-09-26 23:43:45,617 | INFO | Records loaded from file: 100
2026-09-26 23:43:45,617 | INFO | Reading: C:\Users\ipran\Documents\demo\Assignment2-space_data_pipeline-\data\raw\pads\page_2.json
2026-09-26 23:43:45,627 | INFO | Records loaded from file: 100
2026-09-26 23:43:45,627 | INFO | Reading: C:\Users\ipran\Documents\demo\Assignment2-space_data_pipeline-\data\raw\pads\page_3.json
2026-09-26 23:43:45,633 | INFO | Records loaded from file: 51
2026-09-26 23:43:45,633 | INFO | Total raw records for pads: 251
2026-09-26 23:43:45,633 | INFO | Reading raw dataset: launches
2026-09-26 23:43:45,633 | INFO | Reading: C:\Users\ipran\Documents\demo\Assignment2-space_data_pipeline-\data\raw\launches\page_1.json
2026-09-26 23:43:45,646 | INFO | Records loaded from file: 100
2026-09-26 23:43:45,646 | INFO | Reading: C:\Users\ipran\Documents\demo\Assignment2-space_data_pipeline-\data\raw\launches\page_2.json
2026-09-26 23:43:45,650 | INFO | Records loaded from file: 100
2026-09-26 23:43:45,650 | INFO | Total raw records for launches: 200
2026-09-26 23:43:45,650 | INFO | ======================================================================
2026-09-26 23:43:45,650 | INFO | TRANSFORMING: AGENCIES
2026-09-26 23:43:45,658 | INFO | ======================================================================
2026-09-26 23:43:45,661 | INFO | Duplicate agencies removed: 0
2026-09-26 23:43:45,666 | INFO | Missing agency country values: 0
2026-09-26 23:43:45,666 | INFO | Missing agency type values: 0
2026-09-26 23:43:45,666 | INFO | Processed agency records: 350
2026-09-26 23:43:45,666 | INFO | ======================================================================
2026-09-26 23:43:45,666 | INFO | TRANSFORMING: LAUNCHER CONFIGURATIONS
2026-09-26 23:43:45,666 | INFO | ======================================================================
2026-09-26 23:43:45,666 | INFO | Duplicate launcher configurations removed: 0
2026-09-26 23:43:45,674 | INFO | Launcher configuration transformation completed.
2026-09-26 23:43:45,674 | INFO | Processed records: 532
2026-09-26 23:43:45,677 | INFO | ======================================================================
2026-09-26 23:43:45,677 | INFO | TRANSFORMING: PADS
2026-09-26 23:43:45,677 | INFO | ======================================================================
2026-09-26 23:43:45,677 | INFO | Duplicate pads removed: 39
2026-09-26 23:43:45,682 | INFO | Processed pad records: 212
2026-09-26 23:43:45,682 | INFO | ======================================================================
2026-09-26 23:43:45,682 | INFO | TRANSFORMING: LAUNCHES
2026-09-26 23:43:45,682 | INFO | ======================================================================
2026-09-26 23:43:45,682 | INFO | Duplicate launches removed: 0
2026-09-26 23:43:45,699 | INFO | Launches with unmatched agencies: 0
2026-09-26 23:43:45,703 | INFO | Launches with unmatched launcher configurations: 0
2026-09-26 23:43:45,703 | INFO | Launches with unmatched pads: 7
2026-09-26 23:43:45,706 | INFO | Processed launch records: 200
2026-09-26 23:43:45,730 | INFO | Processed data saved to: C:\Users\ipran\Documents\demo\Assignment2-space_data_pipeline-\data\processed\agencies.csv
2026-09-26 23:43:45,730 | INFO | Processed data saved to: C:\Users\ipran\Documents\demo\Assignment2-space_data_pipeline-\data\processed\launcher_configurations.csv
2026-09-26 23:43:45,730 | INFO | Processed data saved to: C:\Users\ipran\Documents\demo\Assignment2-space_data_pipeline-\data\processed\pads.csv
2026-09-26 23:43:45,740 | INFO | Processed data saved to: C:\Users\ipran\Documents\demo\Assignment2-space_data_pipeline-\data\processed\launches.csv
2026-09-26 23:43:45,740 | INFO | ======================================================================
2026-09-26 23:43:45,740 | INFO | TRANSFORMATION SUMMARY
2026-09-26 23:43:45,740 | INFO | ======================================================================
2026-09-26 23:43:45,740 | INFO | Agencies: 350
2026-09-26 23:43:45,740 | INFO | Launcher configurations: 532
2026-09-26 23:43:45,740 | INFO | Pads: 212
2026-09-26 23:43:45,740 | INFO | Launches: 200
2026-09-26 23:43:45,740 | INFO | ======================================================================
2026-09-26 23:43:45,740 | INFO | SPACE DATA TRANSFORMATION PIPELINE COMPLETED
2026-09-26 23:43:45,740 | INFO | ======================================================================
2026-09-26 23:50:04,413 | INFO | ======================================================================
2026-09-26 23:50:04,414 | INFO | SPACE DATA TRANSFORMATION PIPELINE STARTED
2026-09-26 23:50:04,414 | INFO | ======================================================================
2026-09-26 23:50:04,416 | INFO | Reading raw dataset: agencies
2026-09-26 23:50:04,416 | INFO | Reading: C:\Users\ipran\Documents\demo\Assignment2-space_data_pipeline-\data\raw\agencies\page_1.json
2026-09-26 23:50:04,419 | INFO | Records loaded from file: 100
2026-09-26 23:50:04,419 | INFO | Reading: C:\Users\ipran\Documents\demo\Assignment2-space_data_pipeline-\data\raw\agencies\page_2.json
2026-09-26 23:50:04,422 | INFO | Records loaded from file: 100
2026-09-26 23:50:04,422 | INFO | Reading: C:\Users\ipran\Documents\demo\Assignment2-space_data_pipeline-\data\raw\agencies\page_3.json
2026-09-26 23:50:04,424 | INFO | Records loaded from file: 100
2026-09-26 23:50:04,424 | INFO | Reading: C:\Users\ipran\Documents\demo\Assignment2-space_data_pipeline-\data\raw\agencies\page_4.json
2026-09-26 23:50:04,426 | INFO | Records loaded from file: 50
2026-09-26 23:50:04,426 | INFO | Total raw records for agencies: 350
2026-09-26 23:50:04,426 | INFO | Reading raw dataset: launcher_configurations
2026-09-26 23:50:04,428 | INFO | Reading: C:\Users\ipran\Documents\demo\Assignment2-space_data_pipeline-\data\raw\launcher_configurations\page_1.json
2026-09-26 23:50:04,446 | INFO | Records loaded from file: 100
2026-09-26 23:50:04,446 | INFO | Reading: C:\Users\ipran\Documents\demo\Assignment2-space_data_pipeline-\data\raw\launcher_configurations\page_2.json
2026-09-26 23:50:04,469 | INFO | Records loaded from file: 100
2026-09-26 23:50:04,471 | INFO | Reading: C:\Users\ipran\Documents\demo\Assignment2-space_data_pipeline-\data\raw\launcher_configurations\page_3.json
2026-09-26 23:50:04,485 | INFO | Records loaded from file: 100
2026-09-26 23:50:04,485 | INFO | Reading: C:\Users\ipran\Documents\demo\Assignment2-space_data_pipeline-\data\raw\launcher_configurations\page_4.json
2026-09-26 23:50:04,497 | INFO | Records loaded from file: 100
2026-09-26 23:50:04,497 | INFO | Reading: C:\Users\ipran\Documents\demo\Assignment2-space_data_pipeline-\data\raw\launcher_configurations\page_5.json
2026-09-26 23:50:04,505 | INFO | Records loaded from file: 100
2026-09-26 23:50:04,505 | INFO | Reading: C:\Users\ipran\Documents\demo\Assignment2-space_data_pipeline-\data\raw\launcher_configurations\page_6.json
2026-09-26 23:50:04,515 | INFO | Records loaded from file: 32
2026-09-26 23:50:04,515 | INFO | Total raw records for launcher_configurations: 532
2026-09-26 23:50:04,515 | INFO | Reading raw dataset: pads
2026-09-26 23:50:04,517 | INFO | Reading: C:\Users\ipran\Documents\demo\Assignment2-space_data_pipeline-\data\raw\pads\page_1.json
2026-09-26 23:50:04,529 | INFO | Records loaded from file: 100
2026-09-26 23:50:04,529 | INFO | Reading: C:\Users\ipran\Documents\demo\Assignment2-space_data_pipeline-\data\raw\pads\page_2.json
2026-09-26 23:50:04,539 | INFO | Records loaded from file: 100
2026-09-26 23:50:04,540 | INFO | Reading: C:\Users\ipran\Documents\demo\Assignment2-space_data_pipeline-\data\raw\pads\page_3.json
2026-09-26 23:50:04,548 | INFO | Records loaded from file: 51
2026-09-26 23:50:04,548 | INFO | Total raw records for pads: 251
2026-09-26 23:50:04,548 | INFO | Reading raw dataset: launches
2026-09-26 23:50:04,551 | INFO | Reading: C:\Users\ipran\Documents\demo\Assignment2-space_data_pipeline-\data\raw\launches\page_1.json
2026-09-26 23:50:04,565 | INFO | Records loaded from file: 100
2026-09-26 23:50:04,565 | INFO | Reading: C:\Users\ipran\Documents\demo\Assignment2-space_data_pipeline-\data\raw\launches\page_2.json
2026-09-26 23:50:04,575 | INFO | Records loaded from file: 100
2026-09-26 23:50:04,577 | INFO | Total raw records for launches: 200
2026-09-26 23:50:04,577 | INFO | ======================================================================
2026-09-26 23:50:04,577 | INFO | TRANSFORMING: AGENCIES
2026-09-26 23:50:04,577 | INFO | ======================================================================
2026-09-26 23:50:04,582 | INFO | Duplicate agencies removed: 0
2026-09-26 23:50:04,585 | INFO | Missing agency country values: 0
2026-09-26 23:50:04,585 | INFO | Missing agency type values: 0
2026-09-26 23:50:04,585 | INFO | Processed agency records: 350
2026-09-26 23:50:04,589 | INFO | ======================================================================
2026-09-26 23:50:04,589 | INFO | TRANSFORMING: LAUNCHER CONFIGURATIONS
2026-09-26 23:50:04,589 | INFO | ======================================================================
2026-09-26 23:50:04,594 | INFO | Duplicate launcher configurations removed: 0
2026-09-26 23:50:04,660 | INFO | Launcher configuration transformation completed.
2026-09-26 23:50:04,660 | INFO | Processed records: 532
2026-09-26 23:50:04,660 | INFO | ======================================================================
2026-09-26 23:50:04,660 | INFO | TRANSFORMING: PADS
2026-09-26 23:50:04,660 | INFO | ======================================================================
2026-09-26 23:50:04,660 | INFO | Duplicate pads removed: 39
2026-09-26 23:50:04,668 | INFO | Processed pad records: 212
2026-09-26 23:50:04,668 | INFO | ======================================================================
2026-09-26 23:50:04,668 | INFO | TRANSFORMING: LAUNCHES
2026-09-26 23:50:04,668 | INFO | ======================================================================
2026-09-26 23:50:04,684 | INFO | Duplicate launches removed: 0
2026-09-26 23:50:04,696 | INFO | Launches with unmatched agencies: 0
2026-09-26 23:50:04,696 | INFO | Launches with unmatched launcher configurations: 0
2026-09-26 23:50:04,698 | INFO | Launches with unmatched pads: 7
2026-09-26 23:50:04,698 | INFO | Successful launches: 114
2026-09-26 23:50:04,698 | INFO | Processed launch records: 200
2026-09-26 23:50:04,705 | INFO | Processed data saved to: C:\Users\ipran\Documents\demo\Assignment2-space_data_pipeline-\data\processed\agencies.csv
2026-09-26 23:50:04,711 | INFO | Processed data saved to: C:\Users\ipran\Documents\demo\Assignment2-space_data_pipeline-\data\processed\launcher_configurations.csv
2026-09-26 23:50:04,716 | INFO | Processed data saved to: C:\Users\ipran\Documents\demo\Assignment2-space_data_pipeline-\data\processed\pads.csv
2026-09-26 23:50:04,732 | INFO | Processed data saved to: C:\Users\ipran\Documents\demo\Assignment2-space_data_pipeline-\data\processed\launches.csv
2026-09-26 23:50:04,734 | INFO | ======================================================================
2026-09-26 23:50:04,734 | INFO | TRANSFORMATION SUMMARY
2026-09-26 23:50:04,734 | INFO | ======================================================================
2026-09-26 23:50:04,734 | INFO | Agencies: 350
2026-09-26 23:50:04,734 | INFO | Launcher configurations: 532
2026-09-26 23:50:04,734 | INFO | Pads: 212
2026-09-26 23:50:04,734 | INFO | Launches: 200
2026-09-26 23:50:04,734 | INFO | ======================================================================
2026-09-26 23:50:04,734 | INFO | SPACE DATA TRANSFORMATION PIPELINE COMPLETED
2026-09-26 23:50:04,734 | INFO | ======================================================================
2026-09-27 10:49:21,649 | INFO | ======================================================================
2026-09-27 10:49:21,650 | INFO | SPACE DATA VALIDATION PIPELINE STARTED
2026-09-27 10:49:21,650 | INFO | ======================================================================
2026-09-27 10:49:21,650 | INFO | Reading processed file: C:\Users\ipran\Documents\demo\Assignment2-space_data_pipeline-\data\processed\agencies.csv
2026-09-27 10:49:21,693 | INFO | Reading processed file: C:\Users\ipran\Documents\demo\Assignment2-space_data_pipeline-\data\processed\launcher_configurations.csv
2026-09-27 10:49:21,702 | INFO | Reading processed file: C:\Users\ipran\Documents\demo\Assignment2-space_data_pipeline-\data\processed\pads.csv
2026-09-27 10:49:21,732 | INFO | Reading processed file: C:\Users\ipran\Documents\demo\Assignment2-space_data_pipeline-\data\processed\launches.csv
2026-09-27 10:49:21,764 | INFO | ======================================================================
2026-09-27 10:49:21,764 | INFO | VALIDATING: AGENCIES
2026-09-27 10:49:21,764 | INFO | ======================================================================
2026-09-27 10:49:21,766 | INFO | Validating columns: Agencies
2026-09-27 10:49:21,768 | INFO | Agencies: Required columns passed
2026-09-27 10:49:21,768 | INFO | Checking duplicate IDs: Agencies
2026-09-27 10:49:21,770 | INFO | Agencies: Duplicate ID check passed
2026-09-27 10:49:21,770 | INFO | Checking NULL values: Agencies
2026-09-27 10:49:21,772 | INFO | Agencies: agency_id NULL check passed
2026-09-27 10:49:21,772 | INFO | Agencies: agency_name NULL check passed
2026-09-27 10:49:21,772 | INFO | ======================================================================
2026-09-27 10:49:21,774 | INFO | VALIDATING: LAUNCHER CONFIGURATIONS
2026-09-27 10:49:21,775 | INFO | ======================================================================
2026-09-27 10:49:21,775 | INFO | Validating columns: Launcher configurations
2026-09-27 10:49:21,775 | INFO | Launcher configurations: Required columns passed
2026-09-27 10:49:21,775 | INFO | Checking duplicate IDs: Launcher configurations
2026-09-27 10:49:21,775 | INFO | Launcher configurations: Duplicate ID check passed
2026-09-27 10:49:21,777 | INFO | Checking NULL values: Launcher configurations
2026-09-27 10:49:21,777 | INFO | Launcher configurations: launcher_configuration_id NULL check passed
2026-09-27 10:49:21,777 | INFO | Launcher configurations: launcher_name NULL check passed
2026-09-27 10:49:21,778 | INFO | ======================================================================
2026-09-27 10:49:21,778 | INFO | VALIDATING: PADS
2026-09-27 10:49:21,778 | INFO | ======================================================================
2026-09-27 10:49:21,778 | INFO | Validating columns: Pads
2026-09-27 10:49:21,778 | INFO | Pads: Required columns passed
2026-09-27 10:49:21,778 | INFO | Checking duplicate IDs: Pads
2026-09-27 10:49:21,778 | INFO | Pads: Duplicate ID check passed
2026-09-27 10:49:21,778 | INFO | Checking NULL values: Pads
2026-09-27 10:49:21,778 | INFO | Pads: pad_id NULL check passed
2026-09-27 10:49:21,778 | INFO | Pads: pad_name NULL check passed
2026-09-27 10:49:21,778 | INFO | Checking range: Pads.latitude
2026-09-27 10:49:21,782 | INFO | Pads: latitude range check passed
2026-09-27 10:49:21,782 | INFO | Checking range: Pads.longitude
2026-09-27 10:49:21,786 | INFO | Pads: longitude range check passed
2026-09-27 10:49:21,786 | INFO | ======================================================================
2026-09-27 10:49:21,786 | INFO | VALIDATING: LAUNCHES
2026-09-27 10:49:21,786 | INFO | ======================================================================
2026-09-27 10:49:21,786 | INFO | Validating columns: Launches
2026-09-27 10:49:21,786 | INFO | Launches: Required columns passed
2026-09-27 10:49:21,786 | INFO | Checking duplicate IDs: Launches
2026-09-27 10:49:21,792 | ERROR | Launches: 199 duplicate launch_id values found
2026-09-27 10:49:21,794 | INFO | Checking NULL values: Launches
2026-09-27 10:49:21,794 | ERROR | Launches: launch_id contains 200 NULL values
2026-09-27 10:49:21,794 | INFO | Launches: launch_name NULL check passed
2026-09-27 10:49:21,794 | INFO | Launches: launch_datetime NULL check passed
2026-09-27 10:49:21,794 | INFO | Checking range: Launches.launch_probability
2026-09-27 10:49:21,794 | INFO | Launches: launch_probability range check passed
2026-09-27 10:49:21,794 | INFO | Checking relationship: Launches -> Agencies
2026-09-27 10:49:21,794 | INFO | Launches -> Agencies: Foreign key check passed
2026-09-27 10:49:21,794 | INFO | Checking relationship: Launches -> Launcher Configurations
2026-09-27 10:49:21,799 | INFO | Launches -> Launcher Configurations: Foreign key check passed
2026-09-27 10:49:21,800 | INFO | Checking relationship: Launches -> Pads
2026-09-27 10:49:21,819 | INFO | Launches -> Pads: Foreign key check passed
2026-09-27 10:49:21,819 | ERROR | ======================================================================
2026-09-27 10:49:21,819 | ERROR | VALIDATION FAILED
2026-09-27 10:49:21,819 | ERROR | ======================================================================
2026-09-27 10:49:21,819 | ERROR | Validation pipeline failed: One or more validation checks failed.
Traceback (most recent call last):
  File "C:\Users\ipran\Documents\demo\Assignment2-space_data_pipeline-\src\validate.py", line 577, in main
    raise ValueError(
ValueError: One or more validation checks failed.
2026-09-27 10:55:42,614 | INFO | ======================================================================
2026-09-27 10:55:42,614 | INFO | SPACE DATA TRANSFORMATION PIPELINE STARTED
2026-09-27 10:55:42,614 | INFO | ======================================================================
2026-09-27 10:55:42,614 | INFO | Reading raw dataset: agencies
2026-09-27 10:55:42,614 | INFO | Reading: C:\Users\ipran\Documents\demo\Assignment2-space_data_pipeline-\data\raw\agencies\page_1.json
2026-09-27 10:55:42,654 | INFO | Records loaded from file: 100
2026-09-27 10:55:42,656 | INFO | Reading: C:\Users\ipran\Documents\demo\Assignment2-space_data_pipeline-\data\raw\agencies\page_2.json
2026-09-27 10:55:42,708 | INFO | Records loaded from file: 100
2026-09-27 10:55:42,708 | INFO | Reading: C:\Users\ipran\Documents\demo\Assignment2-space_data_pipeline-\data\raw\agencies\page_3.json
2026-09-27 10:55:42,732 | INFO | Records loaded from file: 100
2026-09-27 10:55:42,733 | INFO | Reading: C:\Users\ipran\Documents\demo\Assignment2-space_data_pipeline-\data\raw\agencies\page_4.json
2026-09-27 10:55:42,752 | INFO | Records loaded from file: 50
2026-09-27 10:55:42,752 | INFO | Total raw records for agencies: 350
2026-09-27 10:55:42,754 | INFO | Reading raw dataset: launcher_configurations
2026-09-27 10:55:42,754 | INFO | Reading: C:\Users\ipran\Documents\demo\Assignment2-space_data_pipeline-\data\raw\launcher_configurations\page_1.json
2026-09-27 10:55:42,782 | INFO | Records loaded from file: 100
2026-09-27 10:55:42,782 | INFO | Reading: C:\Users\ipran\Documents\demo\Assignment2-space_data_pipeline-\data\raw\launcher_configurations\page_2.json
2026-09-27 10:55:42,822 | INFO | Records loaded from file: 100
2026-09-27 10:55:42,822 | INFO | Reading: C:\Users\ipran\Documents\demo\Assignment2-space_data_pipeline-\data\raw\launcher_configurations\page_3.json
2026-09-27 10:55:42,853 | INFO | Records loaded from file: 100
2026-09-27 10:55:42,855 | INFO | Reading: C:\Users\ipran\Documents\demo\Assignment2-space_data_pipeline-\data\raw\launcher_configurations\page_4.json
2026-09-27 10:55:42,890 | INFO | Records loaded from file: 100
2026-09-27 10:55:42,892 | INFO | Reading: C:\Users\ipran\Documents\demo\Assignment2-space_data_pipeline-\data\raw\launcher_configurations\page_5.json
2026-09-27 10:55:42,921 | INFO | Records loaded from file: 100
2026-09-27 10:55:42,921 | INFO | Reading: C:\Users\ipran\Documents\demo\Assignment2-space_data_pipeline-\data\raw\launcher_configurations\page_6.json
2026-09-27 10:55:42,950 | INFO | Records loaded from file: 32
2026-09-27 10:55:42,952 | INFO | Total raw records for launcher_configurations: 532
2026-09-27 10:55:42,952 | INFO | Reading raw dataset: pads
2026-09-27 10:55:42,952 | INFO | Reading: C:\Users\ipran\Documents\demo\Assignment2-space_data_pipeline-\data\raw\pads\page_1.json
2026-09-27 10:55:42,982 | INFO | Records loaded from file: 100
2026-09-27 10:55:42,982 | INFO | Reading: C:\Users\ipran\Documents\demo\Assignment2-space_data_pipeline-\data\raw\pads\page_2.json
2026-09-27 10:55:43,033 | INFO | Records loaded from file: 100
2026-09-27 10:55:43,033 | INFO | Reading: C:\Users\ipran\Documents\demo\Assignment2-space_data_pipeline-\data\raw\pads\page_3.json
2026-09-27 10:55:43,074 | INFO | Records loaded from file: 51
2026-09-27 10:55:43,074 | INFO | Total raw records for pads: 251
2026-09-27 10:55:43,074 | INFO | Reading raw dataset: launches
2026-09-27 10:55:43,074 | INFO | Reading: C:\Users\ipran\Documents\demo\Assignment2-space_data_pipeline-\data\raw\launches\page_1.json
2026-09-27 10:55:43,088 | INFO | Records loaded from file: 100
2026-09-27 10:55:43,088 | INFO | Reading: C:\Users\ipran\Documents\demo\Assignment2-space_data_pipeline-\data\raw\launches\page_2.json
2026-09-27 10:55:43,135 | INFO | Records loaded from file: 100
2026-09-27 10:55:43,135 | INFO | Total raw records for launches: 200
2026-09-27 10:55:43,135 | INFO | ======================================================================
2026-09-27 10:55:43,135 | INFO | TRANSFORMING: AGENCIES
2026-09-27 10:55:43,135 | INFO | ======================================================================
2026-09-27 10:55:43,138 | INFO | Duplicate agencies removed: 0
2026-09-27 10:55:43,142 | INFO | Missing agency country values: 0
2026-09-27 10:55:43,142 | INFO | Missing agency type values: 0
2026-09-27 10:55:43,142 | INFO | Processed agency records: 350
2026-09-27 10:55:43,142 | INFO | ======================================================================
2026-09-27 10:55:43,142 | INFO | TRANSFORMING: LAUNCHER CONFIGURATIONS
2026-09-27 10:55:43,142 | INFO | ======================================================================
2026-09-27 10:55:43,146 | INFO | Duplicate launcher configurations removed: 0
2026-09-27 10:55:43,151 | INFO | Launcher configuration transformation completed.
2026-09-27 10:55:43,151 | INFO | Processed records: 532
2026-09-27 10:55:43,151 | INFO | ======================================================================
2026-09-27 10:55:43,151 | INFO | TRANSFORMING: PADS
2026-09-27 10:55:43,151 | INFO | ======================================================================
2026-09-27 10:55:43,151 | INFO | Duplicate pads removed: 39
2026-09-27 10:55:43,158 | INFO | Processed pad records: 212
2026-09-27 10:55:43,158 | INFO | ======================================================================
2026-09-27 10:55:43,158 | INFO | TRANSFORMING: LAUNCHES
2026-09-27 10:55:43,160 | INFO | ======================================================================
2026-09-27 10:55:43,162 | INFO | Duplicate launches removed: 0
2026-09-27 10:55:43,174 | INFO | Launches with unmatched agencies: 0
2026-09-27 10:55:43,176 | INFO | Launches with unmatched launcher configurations: 0
2026-09-27 10:55:43,176 | INFO | Launches with unmatched pads: 7
2026-09-27 10:55:43,176 | INFO | Successful launches: 114
2026-09-27 10:55:43,176 | INFO | Processed launch records: 200
2026-09-27 10:55:43,189 | INFO | Processed data saved to: C:\Users\ipran\Documents\demo\Assignment2-space_data_pipeline-\data\processed\agencies.csv
2026-09-27 10:55:43,191 | INFO | Processed data saved to: C:\Users\ipran\Documents\demo\Assignment2-space_data_pipeline-\data\processed\launcher_configurations.csv
2026-09-27 10:55:43,197 | INFO | Processed data saved to: C:\Users\ipran\Documents\demo\Assignment2-space_data_pipeline-\data\processed\pads.csv
2026-09-27 10:55:43,202 | INFO | Processed data saved to: C:\Users\ipran\Documents\demo\Assignment2-space_data_pipeline-\data\processed\launches.csv
2026-09-27 10:55:43,202 | INFO | ======================================================================
2026-09-27 10:55:43,202 | INFO | TRANSFORMATION SUMMARY
2026-09-27 10:55:43,202 | INFO | ======================================================================
2026-09-27 10:55:43,202 | INFO | Agencies: 350
2026-09-27 10:55:43,202 | INFO | Launcher configurations: 532
2026-09-27 10:55:43,202 | INFO | Pads: 212
2026-09-27 10:55:43,206 | INFO | Launches: 200
2026-09-27 10:55:43,206 | INFO | ======================================================================
2026-09-27 10:55:43,206 | INFO | SPACE DATA TRANSFORMATION PIPELINE COMPLETED
2026-09-27 10:55:43,206 | INFO | ======================================================================
2026-09-27 10:55:53,927 | INFO | ======================================================================
2026-09-27 10:55:53,927 | INFO | SPACE DATA VALIDATION PIPELINE STARTED
2026-09-27 10:55:53,927 | INFO | ======================================================================
2026-09-27 10:55:53,927 | INFO | Reading processed file: C:\Users\ipran\Documents\demo\Assignment2-space_data_pipeline-\data\processed\agencies.csv
2026-09-27 10:55:53,962 | INFO | Reading processed file: C:\Users\ipran\Documents\demo\Assignment2-space_data_pipeline-\data\processed\launcher_configurations.csv
2026-09-27 10:55:53,989 | INFO | Reading processed file: C:\Users\ipran\Documents\demo\Assignment2-space_data_pipeline-\data\processed\pads.csv
2026-09-27 10:55:54,014 | INFO | Reading processed file: C:\Users\ipran\Documents\demo\Assignment2-space_data_pipeline-\data\processed\launches.csv
2026-09-27 10:55:54,050 | INFO | ======================================================================
2026-09-27 10:55:54,050 | INFO | VALIDATING: AGENCIES
2026-09-27 10:55:54,050 | INFO | ======================================================================
2026-09-27 10:55:54,050 | INFO | Validating columns: Agencies
2026-09-27 10:55:54,050 | INFO | Agencies: Required columns passed
2026-09-27 10:55:54,050 | INFO | Checking duplicate IDs: Agencies
2026-09-27 10:55:54,050 | INFO | Agencies: Duplicate ID check passed
2026-09-27 10:55:54,050 | INFO | Checking NULL values: Agencies
2026-09-27 10:55:54,050 | INFO | Agencies: agency_id NULL check passed
2026-09-27 10:55:54,050 | INFO | Agencies: agency_name NULL check passed
2026-09-27 10:55:54,050 | INFO | ======================================================================
2026-09-27 10:55:54,050 | INFO | VALIDATING: LAUNCHER CONFIGURATIONS
2026-09-27 10:55:54,050 | INFO | ======================================================================
2026-09-27 10:55:54,050 | INFO | Validating columns: Launcher configurations
2026-09-27 10:55:54,050 | INFO | Launcher configurations: Required columns passed
2026-09-27 10:55:54,050 | INFO | Checking duplicate IDs: Launcher configurations
2026-09-27 10:55:54,050 | INFO | Launcher configurations: Duplicate ID check passed
2026-09-27 10:55:54,056 | INFO | Checking NULL values: Launcher configurations
2026-09-27 10:55:54,056 | INFO | Launcher configurations: launcher_configuration_id NULL check passed
2026-09-27 10:55:54,056 | INFO | Launcher configurations: launcher_name NULL check passed
2026-09-27 10:55:54,056 | INFO | ======================================================================
2026-09-27 10:55:54,056 | INFO | VALIDATING: PADS
2026-09-27 10:55:54,056 | INFO | ======================================================================
2026-09-27 10:55:54,056 | INFO | Validating columns: Pads
2026-09-27 10:55:54,056 | INFO | Pads: Required columns passed
2026-09-27 10:55:54,056 | INFO | Checking duplicate IDs: Pads
2026-09-27 10:55:54,056 | INFO | Pads: Duplicate ID check passed
2026-09-27 10:55:54,058 | INFO | Checking NULL values: Pads
2026-09-27 10:55:54,058 | INFO | Pads: pad_id NULL check passed
2026-09-27 10:55:54,058 | INFO | Pads: pad_name NULL check passed
2026-09-27 10:55:54,058 | INFO | Checking range: Pads.latitude
2026-09-27 10:55:54,058 | INFO | Pads: latitude range check passed
2026-09-27 10:55:54,058 | INFO | Checking range: Pads.longitude
2026-09-27 10:55:54,063 | INFO | Pads: longitude range check passed
2026-09-27 10:55:54,063 | INFO | ======================================================================
2026-09-27 10:55:54,063 | INFO | VALIDATING: LAUNCHES
2026-09-27 10:55:54,063 | INFO | ======================================================================
2026-09-27 10:55:54,063 | INFO | Validating columns: Launches
2026-09-27 10:55:54,063 | INFO | Launches: Required columns passed
2026-09-27 10:55:54,065 | INFO | Checking duplicate IDs: Launches
2026-09-27 10:55:54,066 | INFO | Launches: Duplicate ID check passed
2026-09-27 10:55:54,066 | INFO | Checking NULL values: Launches
2026-09-27 10:55:54,066 | INFO | Launches: launch_id NULL check passed
2026-09-27 10:55:54,066 | INFO | Launches: launch_name NULL check passed
2026-09-27 10:55:54,066 | INFO | Launches: launch_datetime NULL check passed
2026-09-27 10:55:54,066 | INFO | Checking range: Launches.launch_probability
2026-09-27 10:55:54,069 | INFO | Launches: launch_probability range check passed
2026-09-27 10:55:54,069 | INFO | Checking relationship: Launches -> Agencies
2026-09-27 10:55:54,070 | INFO | Launches -> Agencies: Foreign key check passed
2026-09-27 10:55:54,070 | INFO | Checking relationship: Launches -> Launcher Configurations
2026-09-27 10:55:54,070 | INFO | Launches -> Launcher Configurations: Foreign key check passed
2026-09-27 10:55:54,070 | INFO | Checking relationship: Launches -> Pads
2026-09-27 10:55:54,070 | INFO | Launches -> Pads: Foreign key check passed
2026-09-27 10:55:54,070 | INFO | ======================================================================
2026-09-27 10:55:54,070 | INFO | ALL VALIDATION CHECKS PASSED
2026-09-27 10:55:54,070 | INFO | ======================================================================
2026-09-28 10:14:00,901 | INFO | ======================================================================
2026-09-28 10:14:00,904 | INFO | SPACE DATA EXTRACTION PIPELINE STARTED
2026-09-28 10:14:00,904 | INFO | ======================================================================
2026-09-28 10:14:00,904 | INFO | Raw data directory: C:\Users\VC_User6.DESKTOP-22FFUC4\Desktop\DATA ANALYTICS\ASSESMENT\ASSIGNMENT2\Assignment2-space_data_pipeline-\data\raw
2026-09-28 10:14:00,904 | INFO | ======================================================================
2026-09-28 10:14:00,904 | INFO | EXTRACTING: LAUNCHES
2026-09-28 10:14:00,904 | INFO | ======================================================================
2026-09-28 10:14:00,906 | INFO | Raw data directory: C:\Users\VC_User6.DESKTOP-22FFUC4\Desktop\DATA ANALYTICS\ASSESMENT\ASSIGNMENT2\Assignment2-space_data_pipeline-\data\raw\launches
2026-09-28 10:14:00,906 | INFO | Requesting page 1
2026-09-28 10:14:00,906 | INFO | URL: https://ll.thespacedevs.com/2.3.0/launches/
2026-09-28 10:14:05,489 | INFO | HTTP Status: 200
2026-09-28 10:14:05,540 | INFO | Raw data saved to: C:\Users\VC_User6.DESKTOP-22FFUC4\Desktop\DATA ANALYTICS\ASSESMENT\ASSIGNMENT2\Assignment2-space_data_pipeline-\data\raw\launches\page_1.json
2026-09-28 10:14:05,540 | INFO | Records in page: 100
2026-09-28 10:14:05,541 | INFO | Total records retrieved: 100
2026-09-28 10:14:05,541 | INFO | Next page available.
2026-09-28 10:14:05,541 | INFO | Requesting page 2
2026-09-28 10:14:05,541 | INFO | URL: https://ll.thespacedevs.com/2.3.0/launches/?limit=100&offset=100
2026-09-28 10:14:07,458 | INFO | HTTP Status: 200
2026-09-28 10:14:07,590 | INFO | Raw data saved to: C:\Users\VC_User6.DESKTOP-22FFUC4\Desktop\DATA ANALYTICS\ASSESMENT\ASSIGNMENT2\Assignment2-space_data_pipeline-\data\raw\launches\page_2.json
2026-09-28 10:14:07,590 | INFO | Records in page: 100
2026-09-28 10:14:07,590 | INFO | Total records retrieved: 200
2026-09-28 10:14:07,590 | INFO | Next page available.
2026-09-28 10:14:07,590 | INFO | Extraction completed for launches.
2026-09-28 10:14:07,590 | INFO | Total launches records retrieved: 200
2026-09-28 10:14:07,590 | INFO | ======================================================================
2026-09-28 10:14:07,590 | INFO | EXTRACTING: LAUNCHER_CONFIGURATIONS
2026-09-28 10:14:07,590 | INFO | ======================================================================
2026-09-28 10:14:07,590 | INFO | Raw data directory: C:\Users\VC_User6.DESKTOP-22FFUC4\Desktop\DATA ANALYTICS\ASSESMENT\ASSIGNMENT2\Assignment2-space_data_pipeline-\data\raw\launcher_configurations
2026-09-28 10:14:07,590 | INFO | Requesting page 1
2026-09-28 10:14:07,590 | INFO | URL: https://ll.thespacedevs.com/2.3.0/launcher_configurations/
2026-09-28 10:14:08,308 | INFO | HTTP Status: 200
2026-09-28 10:14:08,364 | INFO | Raw data saved to: C:\Users\VC_User6.DESKTOP-22FFUC4\Desktop\DATA ANALYTICS\ASSESMENT\ASSIGNMENT2\Assignment2-space_data_pipeline-\data\raw\launcher_configurations\page_1.json
2026-09-28 10:14:08,364 | INFO | Records in page: 100
2026-09-28 10:14:08,364 | INFO | Total records retrieved: 100
2026-09-28 10:14:08,364 | INFO | Next page available.
2026-09-28 10:14:08,364 | INFO | Requesting page 2
2026-09-28 10:14:08,364 | INFO | URL: https://ll.thespacedevs.com/2.3.0/launcher_configurations/?limit=100&offset=100
2026-09-28 10:14:09,996 | INFO | HTTP Status: 200
2026-09-28 10:14:10,071 | INFO | Raw data saved to: C:\Users\VC_User6.DESKTOP-22FFUC4\Desktop\DATA ANALYTICS\ASSESMENT\ASSIGNMENT2\Assignment2-space_data_pipeline-\data\raw\launcher_configurations\page_2.json
2026-09-28 10:14:10,072 | INFO | Records in page: 100
2026-09-28 10:14:10,072 | INFO | Total records retrieved: 200
2026-09-28 10:14:10,072 | INFO | Next page available.
2026-09-28 10:14:10,072 | INFO | Requesting page 3
2026-09-28 10:14:10,072 | INFO | URL: https://ll.thespacedevs.com/2.3.0/launcher_configurations/?limit=100&offset=200
2026-09-28 10:14:10,952 | INFO | HTTP Status: 200
2026-09-28 10:14:11,004 | INFO | Raw data saved to: C:\Users\VC_User6.DESKTOP-22FFUC4\Desktop\DATA ANALYTICS\ASSESMENT\ASSIGNMENT2\Assignment2-space_data_pipeline-\data\raw\launcher_configurations\page_3.json
2026-09-28 10:14:11,004 | INFO | Records in page: 100
2026-09-28 10:14:11,004 | INFO | Total records retrieved: 300
2026-09-28 10:14:11,010 | INFO | Next page available.
2026-09-28 10:14:11,010 | INFO | Requesting page 4
2026-09-28 10:14:11,010 | INFO | URL: https://ll.thespacedevs.com/2.3.0/launcher_configurations/?limit=100&offset=300
2026-09-28 10:14:11,785 | INFO | HTTP Status: 200
2026-09-28 10:14:11,807 | INFO | Raw data saved to: C:\Users\VC_User6.DESKTOP-22FFUC4\Desktop\DATA ANALYTICS\ASSESMENT\ASSIGNMENT2\Assignment2-space_data_pipeline-\data\raw\launcher_configurations\page_4.json
2026-09-28 10:14:11,807 | INFO | Records in page: 100
2026-09-28 10:14:11,807 | INFO | Total records retrieved: 400
2026-09-28 10:14:11,807 | INFO | Next page available.
2026-09-28 10:14:11,807 | INFO | Requesting page 5
2026-09-28 10:14:11,807 | INFO | URL: https://ll.thespacedevs.com/2.3.0/launcher_configurations/?limit=100&offset=400
2026-09-28 10:14:12,568 | INFO | HTTP Status: 200
2026-09-28 10:14:12,608 | INFO | Raw data saved to: C:\Users\VC_User6.DESKTOP-22FFUC4\Desktop\DATA ANALYTICS\ASSESMENT\ASSIGNMENT2\Assignment2-space_data_pipeline-\data\raw\launcher_configurations\page_5.json
2026-09-28 10:14:12,609 | INFO | Records in page: 100
2026-09-28 10:14:12,609 | INFO | Total records retrieved: 500
2026-09-28 10:14:12,609 | INFO | Next page available.
2026-09-28 10:14:12,609 | INFO | Requesting page 6
2026-09-28 10:14:12,609 | INFO | URL: https://ll.thespacedevs.com/2.3.0/launcher_configurations/?limit=100&offset=500
2026-09-28 10:14:13,364 | INFO | HTTP Status: 200
2026-09-28 10:14:13,377 | INFO | Raw data saved to: C:\Users\VC_User6.DESKTOP-22FFUC4\Desktop\DATA ANALYTICS\ASSESMENT\ASSIGNMENT2\Assignment2-space_data_pipeline-\data\raw\launcher_configurations\page_6.json
2026-09-28 10:14:13,378 | INFO | Records in page: 32
2026-09-28 10:14:13,379 | INFO | Total records retrieved: 532
2026-09-28 10:14:13,379 | INFO | No more pages available.
2026-09-28 10:14:13,379 | INFO | Extraction completed for launcher_configurations.
2026-09-28 10:14:13,379 | INFO | Total launcher_configurations records retrieved: 532
2026-09-28 10:14:13,380 | INFO | ======================================================================
2026-09-28 10:14:13,380 | INFO | EXTRACTING: AGENCIES
2026-09-28 10:14:13,380 | INFO | ======================================================================
2026-09-28 10:14:13,380 | INFO | Raw data directory: C:\Users\VC_User6.DESKTOP-22FFUC4\Desktop\DATA ANALYTICS\ASSESMENT\ASSIGNMENT2\Assignment2-space_data_pipeline-\data\raw\agencies
2026-09-28 10:14:13,380 | INFO | Requesting page 1
2026-09-28 10:14:13,380 | INFO | URL: https://ll.thespacedevs.com/2.3.0/agencies/
2026-09-28 10:14:13,861 | INFO | HTTP Status: 200
2026-09-28 10:14:13,877 | INFO | Raw data saved to: C:\Users\VC_User6.DESKTOP-22FFUC4\Desktop\DATA ANALYTICS\ASSESMENT\ASSIGNMENT2\Assignment2-space_data_pipeline-\data\raw\agencies\page_1.json
2026-09-28 10:14:13,877 | INFO | Records in page: 100
2026-09-28 10:14:13,877 | INFO | Total records retrieved: 100
2026-09-28 10:14:13,877 | INFO | Next page available.
2026-09-28 10:14:13,877 | INFO | Requesting page 2
2026-09-28 10:14:13,877 | INFO | URL: https://ll.thespacedevs.com/2.3.0/agencies/?limit=100&offset=100
2026-09-28 10:14:14,553 | INFO | HTTP Status: 200
2026-09-28 10:14:14,553 | INFO | Raw data saved to: C:\Users\VC_User6.DESKTOP-22FFUC4\Desktop\DATA ANALYTICS\ASSESMENT\ASSIGNMENT2\Assignment2-space_data_pipeline-\data\raw\agencies\page_2.json
2026-09-28 10:14:14,553 | INFO | Records in page: 100
2026-09-28 10:14:14,553 | INFO | Total records retrieved: 200
2026-09-28 10:14:14,553 | INFO | Next page available.
2026-09-28 10:14:14,553 | INFO | Requesting page 3
2026-09-28 10:14:14,553 | INFO | URL: https://ll.thespacedevs.com/2.3.0/agencies/?limit=100&offset=200
2026-09-28 10:14:15,073 | INFO | HTTP Status: 200
2026-09-28 10:14:15,088 | INFO | Raw data saved to: C:\Users\VC_User6.DESKTOP-22FFUC4\Desktop\DATA ANALYTICS\ASSESMENT\ASSIGNMENT2\Assignment2-space_data_pipeline-\data\raw\agencies\page_3.json
2026-09-28 10:14:15,088 | INFO | Records in page: 100
2026-09-28 10:14:15,088 | INFO | Total records retrieved: 300
2026-09-28 10:14:15,088 | INFO | Next page available.
2026-09-28 10:14:15,088 | INFO | Requesting page 4
2026-09-28 10:14:15,088 | INFO | URL: https://ll.thespacedevs.com/2.3.0/agencies/?limit=100&offset=300
2026-09-28 10:14:15,554 | INFO | HTTP Status: 200
2026-09-28 10:14:15,589 | INFO | Raw data saved to: C:\Users\VC_User6.DESKTOP-22FFUC4\Desktop\DATA ANALYTICS\ASSESMENT\ASSIGNMENT2\Assignment2-space_data_pipeline-\data\raw\agencies\page_4.json
2026-09-28 10:14:15,589 | INFO | Records in page: 50
2026-09-28 10:14:15,589 | INFO | Total records retrieved: 350
2026-09-28 10:14:15,589 | INFO | No more pages available.
2026-09-28 10:14:15,589 | INFO | Extraction completed for agencies.
2026-09-28 10:14:15,589 | INFO | Total agencies records retrieved: 350
2026-09-28 10:14:15,589 | INFO | ======================================================================
2026-09-28 10:14:15,589 | INFO | EXTRACTING: PADS
2026-09-28 10:14:15,589 | INFO | ======================================================================
2026-09-28 10:14:15,603 | INFO | Raw data directory: C:\Users\VC_User6.DESKTOP-22FFUC4\Desktop\DATA ANALYTICS\ASSESMENT\ASSIGNMENT2\Assignment2-space_data_pipeline-\data\raw\pads
2026-09-28 10:14:15,603 | INFO | Requesting page 1
2026-09-28 10:14:15,603 | INFO | URL: https://ll.thespacedevs.com/2.3.0/pads/
2026-09-28 10:14:18,187 | INFO | HTTP Status: 200
2026-09-28 10:14:18,213 | INFO | Raw data saved to: C:\Users\VC_User6.DESKTOP-22FFUC4\Desktop\DATA ANALYTICS\ASSESMENT\ASSIGNMENT2\Assignment2-space_data_pipeline-\data\raw\pads\page_1.json
2026-09-28 10:14:18,213 | INFO | Records in page: 100
2026-09-28 10:14:18,213 | INFO | Total records retrieved: 100
2026-09-28 10:14:18,213 | INFO | Next page available.
2026-09-28 10:14:18,213 | INFO | Requesting page 2
2026-09-28 10:14:18,213 | INFO | URL: https://ll.thespacedevs.com/2.3.0/pads/?limit=100&offset=100
2026-09-28 10:14:19,611 | INFO | HTTP Status: 200
2026-09-28 10:14:19,688 | INFO | Raw data saved to: C:\Users\VC_User6.DESKTOP-22FFUC4\Desktop\DATA ANALYTICS\ASSESMENT\ASSIGNMENT2\Assignment2-space_data_pipeline-\data\raw\pads\page_2.json
2026-09-28 10:14:19,689 | INFO | Records in page: 100
2026-09-28 10:14:19,689 | INFO | Total records retrieved: 200
2026-09-28 10:14:19,689 | INFO | Next page available.
2026-09-28 10:14:19,689 | INFO | Requesting page 3
2026-09-28 10:14:19,689 | INFO | URL: https://ll.thespacedevs.com/2.3.0/pads/?limit=100&offset=200
2026-09-28 10:14:20,297 | INFO | HTTP Status: 200
2026-09-28 10:14:20,370 | INFO | Raw data saved to: C:\Users\VC_User6.DESKTOP-22FFUC4\Desktop\DATA ANALYTICS\ASSESMENT\ASSIGNMENT2\Assignment2-space_data_pipeline-\data\raw\pads\page_3.json
2026-09-28 10:14:20,371 | INFO | Records in page: 51
2026-09-28 10:14:20,371 | INFO | Total records retrieved: 251
2026-09-28 10:14:20,371 | INFO | No more pages available.
2026-09-28 10:14:20,371 | INFO | Extraction completed for pads.
2026-09-28 10:14:20,372 | INFO | Total pads records retrieved: 251
2026-09-28 10:14:20,372 | INFO | ======================================================================
2026-09-28 10:14:20,372 | INFO | EXTRACTION SUMMARY
2026-09-28 10:14:20,372 | INFO | ======================================================================
2026-09-28 10:14:20,372 | INFO | launches: 200 records
2026-09-28 10:14:20,373 | INFO | launcher_configurations: 532 records
2026-09-28 10:14:20,373 | INFO | agencies: 350 records
2026-09-28 10:14:20,373 | INFO | pads: 251 records
2026-09-28 10:14:20,373 | INFO | ======================================================================
2026-09-28 10:14:20,373 | INFO | SPACE DATA EXTRACTION PIPELINE FINISHED
2026-09-28 10:14:20,373 | INFO | ======================================================================
2026-09-28 10:14:39,260 | INFO | ======================================================================
2026-09-28 10:14:39,260 | INFO | SPACE DATA TRANSFORMATION PIPELINE STARTED
2026-09-28 10:14:39,260 | INFO | ======================================================================
2026-09-28 10:14:39,260 | INFO | Reading raw dataset: agencies
2026-09-28 10:14:39,260 | INFO | Reading: C:\Users\VC_User6.DESKTOP-22FFUC4\Desktop\DATA ANALYTICS\ASSESMENT\ASSIGNMENT2\Assignment2-space_data_pipeline-\data\raw\agencies\page_1.json
2026-09-28 10:14:39,264 | INFO | Records loaded from file: 100
2026-09-28 10:14:39,264 | INFO | Reading: C:\Users\VC_User6.DESKTOP-22FFUC4\Desktop\DATA ANALYTICS\ASSESMENT\ASSIGNMENT2\Assignment2-space_data_pipeline-\data\raw\agencies\page_2.json
2026-09-28 10:14:39,269 | INFO | Records loaded from file: 100
2026-09-28 10:14:39,269 | INFO | Reading: C:\Users\VC_User6.DESKTOP-22FFUC4\Desktop\DATA ANALYTICS\ASSESMENT\ASSIGNMENT2\Assignment2-space_data_pipeline-\data\raw\agencies\page_3.json
2026-09-28 10:14:39,271 | INFO | Records loaded from file: 100
2026-09-28 10:14:39,271 | INFO | Reading: C:\Users\VC_User6.DESKTOP-22FFUC4\Desktop\DATA ANALYTICS\ASSESMENT\ASSIGNMENT2\Assignment2-space_data_pipeline-\data\raw\agencies\page_4.json
2026-09-28 10:14:39,272 | INFO | Records loaded from file: 50
2026-09-28 10:14:39,272 | INFO | Total raw records for agencies: 350
2026-09-28 10:14:39,272 | INFO | Reading raw dataset: launcher_configurations
2026-09-28 10:14:39,272 | INFO | Reading: C:\Users\VC_User6.DESKTOP-22FFUC4\Desktop\DATA ANALYTICS\ASSESMENT\ASSIGNMENT2\Assignment2-space_data_pipeline-\data\raw\launcher_configurations\page_1.json
2026-09-28 10:14:39,286 | INFO | Records loaded from file: 100
2026-09-28 10:14:39,286 | INFO | Reading: C:\Users\VC_User6.DESKTOP-22FFUC4\Desktop\DATA ANALYTICS\ASSESMENT\ASSIGNMENT2\Assignment2-space_data_pipeline-\data\raw\launcher_configurations\page_2.json
2026-09-28 10:14:39,296 | INFO | Records loaded from file: 100
2026-09-28 10:14:39,296 | INFO | Reading: C:\Users\VC_User6.DESKTOP-22FFUC4\Desktop\DATA ANALYTICS\ASSESMENT\ASSIGNMENT2\Assignment2-space_data_pipeline-\data\raw\launcher_configurations\page_3.json
2026-09-28 10:14:39,306 | INFO | Records loaded from file: 100
2026-09-28 10:14:39,306 | INFO | Reading: C:\Users\VC_User6.DESKTOP-22FFUC4\Desktop\DATA ANALYTICS\ASSESMENT\ASSIGNMENT2\Assignment2-space_data_pipeline-\data\raw\launcher_configurations\page_4.json
2026-09-28 10:14:39,320 | INFO | Records loaded from file: 100
2026-09-28 10:14:39,320 | INFO | Reading: C:\Users\VC_User6.DESKTOP-22FFUC4\Desktop\DATA ANALYTICS\ASSESMENT\ASSIGNMENT2\Assignment2-space_data_pipeline-\data\raw\launcher_configurations\page_5.json
2026-09-28 10:14:39,328 | INFO | Records loaded from file: 100
2026-09-28 10:14:39,328 | INFO | Reading: C:\Users\VC_User6.DESKTOP-22FFUC4\Desktop\DATA ANALYTICS\ASSESMENT\ASSIGNMENT2\Assignment2-space_data_pipeline-\data\raw\launcher_configurations\page_6.json
2026-09-28 10:14:39,331 | INFO | Records loaded from file: 32
2026-09-28 10:14:39,331 | INFO | Total raw records for launcher_configurations: 532
2026-09-28 10:14:39,331 | INFO | Reading raw dataset: pads
2026-09-28 10:14:39,331 | INFO | Reading: C:\Users\VC_User6.DESKTOP-22FFUC4\Desktop\DATA ANALYTICS\ASSESMENT\ASSIGNMENT2\Assignment2-space_data_pipeline-\data\raw\pads\page_1.json
2026-09-28 10:14:39,343 | INFO | Records loaded from file: 100
2026-09-28 10:14:39,343 | INFO | Reading: C:\Users\VC_User6.DESKTOP-22FFUC4\Desktop\DATA ANALYTICS\ASSESMENT\ASSIGNMENT2\Assignment2-space_data_pipeline-\data\raw\pads\page_2.json
2026-09-28 10:14:39,360 | INFO | Records loaded from file: 100
2026-09-28 10:14:39,360 | INFO | Reading: C:\Users\VC_User6.DESKTOP-22FFUC4\Desktop\DATA ANALYTICS\ASSESMENT\ASSIGNMENT2\Assignment2-space_data_pipeline-\data\raw\pads\page_3.json
2026-09-28 10:14:39,387 | INFO | Records loaded from file: 51
2026-09-28 10:14:39,387 | INFO | Total raw records for pads: 251
2026-09-28 10:14:39,387 | INFO | Reading raw dataset: launches
2026-09-28 10:14:39,387 | INFO | Reading: C:\Users\VC_User6.DESKTOP-22FFUC4\Desktop\DATA ANALYTICS\ASSESMENT\ASSIGNMENT2\Assignment2-space_data_pipeline-\data\raw\launches\page_1.json
2026-09-28 10:14:39,421 | INFO | Records loaded from file: 100
2026-09-28 10:14:39,421 | INFO | Reading: C:\Users\VC_User6.DESKTOP-22FFUC4\Desktop\DATA ANALYTICS\ASSESMENT\ASSIGNMENT2\Assignment2-space_data_pipeline-\data\raw\launches\page_2.json
2026-09-28 10:14:39,434 | INFO | Records loaded from file: 100
2026-09-28 10:14:39,435 | INFO | Total raw records for launches: 200
2026-09-28 10:14:39,435 | INFO | ======================================================================
2026-09-28 10:14:39,435 | INFO | TRANSFORMING: AGENCIES
2026-09-28 10:14:39,435 | INFO | ======================================================================
2026-09-28 10:14:39,437 | INFO | Duplicate agencies removed: 0
2026-09-28 10:14:39,437 | INFO | Missing agency country values: 0
2026-09-28 10:14:39,437 | INFO | Missing agency type values: 0
2026-09-28 10:14:39,437 | INFO | Processed agency records: 350
2026-09-28 10:14:39,437 | INFO | ======================================================================
2026-09-28 10:14:39,437 | INFO | TRANSFORMING: LAUNCHER CONFIGURATIONS
2026-09-28 10:14:39,437 | INFO | ======================================================================
2026-09-28 10:14:39,444 | INFO | Duplicate launcher configurations removed: 0
2026-09-28 10:14:39,446 | INFO | Launcher configuration transformation completed.
2026-09-28 10:14:39,446 | INFO | Processed records: 532
2026-09-28 10:14:39,446 | INFO | ======================================================================
2026-09-28 10:14:39,446 | INFO | TRANSFORMING: PADS
2026-09-28 10:14:39,446 | INFO | ======================================================================
2026-09-28 10:14:39,449 | INFO | Duplicate pads removed: 39
2026-09-28 10:14:39,449 | INFO | Processed pad records: 212
2026-09-28 10:14:39,449 | INFO | ======================================================================
2026-09-28 10:14:39,449 | INFO | TRANSFORMING: LAUNCHES
2026-09-28 10:14:39,449 | INFO | ======================================================================
2026-09-28 10:14:39,449 | INFO | Duplicate launches removed: 0
2026-09-28 10:14:39,486 | INFO | Launches with unmatched agencies: 0
2026-09-28 10:14:39,487 | INFO | Launches with unmatched launcher configurations: 0
2026-09-28 10:14:39,487 | INFO | Launches with unmatched pads: 36
2026-09-28 10:14:39,487 | INFO | Successful launches: 114
2026-09-28 10:14:39,487 | INFO | Processed launch records: 200
2026-09-28 10:14:39,487 | INFO | Processed data saved to: C:\Users\VC_User6.DESKTOP-22FFUC4\Desktop\DATA ANALYTICS\ASSESMENT\ASSIGNMENT2\Assignment2-space_data_pipeline-\data\processed\agencies.csv
2026-09-28 10:14:39,496 | INFO | Processed data saved to: C:\Users\VC_User6.DESKTOP-22FFUC4\Desktop\DATA ANALYTICS\ASSESMENT\ASSIGNMENT2\Assignment2-space_data_pipeline-\data\processed\launcher_configurations.csv
2026-09-28 10:14:39,499 | INFO | Processed data saved to: C:\Users\VC_User6.DESKTOP-22FFUC4\Desktop\DATA ANALYTICS\ASSESMENT\ASSIGNMENT2\Assignment2-space_data_pipeline-\data\processed\pads.csv
2026-09-28 10:14:39,501 | INFO | Processed data saved to: C:\Users\VC_User6.DESKTOP-22FFUC4\Desktop\DATA ANALYTICS\ASSESMENT\ASSIGNMENT2\Assignment2-space_data_pipeline-\data\processed\launches.csv
2026-09-28 10:14:39,501 | INFO | ======================================================================
2026-09-28 10:14:39,504 | INFO | TRANSFORMATION SUMMARY
2026-09-28 10:14:39,504 | INFO | ======================================================================
2026-09-28 10:14:39,504 | INFO | Agencies: 350
2026-09-28 10:14:39,504 | INFO | Launcher configurations: 532
2026-09-28 10:14:39,504 | INFO | Pads: 212
2026-09-28 10:14:39,504 | INFO | Launches: 200
2026-09-28 10:14:39,504 | INFO | ======================================================================
2026-09-28 10:14:39,504 | INFO | SPACE DATA TRANSFORMATION PIPELINE COMPLETED
2026-09-28 10:14:39,504 | INFO | ======================================================================
2026-09-28 10:14:49,330 | INFO | ======================================================================
2026-09-28 10:14:49,330 | INFO | SPACE DATA LOADING PIPELINE STARTED
2026-09-28 10:14:49,330 | INFO | ======================================================================
2026-09-28 10:14:49,330 | INFO | Reading processed file: C:\Users\VC_User6.DESKTOP-22FFUC4\Desktop\DATA ANALYTICS\ASSESMENT\ASSIGNMENT2\Assignment2-space_data_pipeline-\data\processed\agencies.csv
2026-09-28 10:14:49,344 | INFO | Reading processed file: C:\Users\VC_User6.DESKTOP-22FFUC4\Desktop\DATA ANALYTICS\ASSESMENT\ASSIGNMENT2\Assignment2-space_data_pipeline-\data\processed\launcher_configurations.csv
2026-09-28 10:14:49,344 | INFO | Reading processed file: C:\Users\VC_User6.DESKTOP-22FFUC4\Desktop\DATA ANALYTICS\ASSESMENT\ASSIGNMENT2\Assignment2-space_data_pipeline-\data\processed\pads.csv
2026-09-28 10:14:49,357 | INFO | Reading processed file: C:\Users\VC_User6.DESKTOP-22FFUC4\Desktop\DATA ANALYTICS\ASSESMENT\ASSIGNMENT2\Assignment2-space_data_pipeline-\data\processed\launches.csv
2026-09-28 10:14:49,357 | INFO | All processed datasets loaded successfully
2026-09-28 10:14:49,357 | INFO | Validating database configuration
2026-09-28 10:14:49,357 | INFO | Database configuration validation passed
2026-09-28 10:14:49,357 | INFO | Connecting to SQL Server
2026-09-28 10:14:49,894 | INFO | SQL Server connection successful
2026-09-28 10:14:49,894 | INFO | ======================================================================
2026-09-28 10:14:49,894 | INFO | LOADING: AGENCIES
2026-09-28 10:14:49,894 | INFO | ======================================================================
2026-09-28 10:14:50,119 | ERROR | Agency batch failed. Batch starting at 0. Rolled back batch: ('42000', "[42000] [Microsoft][ODBC Driver 17 for SQL Server][SQL Server]String or binary data would be truncated in table 'student4.dbo.agencies', column 'country'. Truncated value: 'Australia, Bangladesh, Brunei, Bhutan, Canada, Cambodia, China, France, Germany, India, Indonesia, J'. (2628) (SQLExecDirectW); [42000] [Microsoft][ODBC Driver 17 for SQL Server][SQL Server]The statement has been terminated. (3621)")
Traceback (most recent call last):
  File "C:\Users\VC_User6.DESKTOP-22FFUC4\Desktop\DATA ANALYTICS\ASSESMENT\ASSIGNMENT2\Assignment2-space_data_pipeline-\src\load.py", line 253, in load_agencies
    cursor.execute("""
pyodbc.ProgrammingError: ('42000', "[42000] [Microsoft][ODBC Driver 17 for SQL Server][SQL Server]String or binary data would be truncated in table 'student4.dbo.agencies', column 'country'. Truncated value: 'Australia, Bangladesh, Brunei, Bhutan, Canada, Cambodia, China, France, Germany, India, Indonesia, J'. (2628) (SQLExecDirectW); [42000] [Microsoft][ODBC Driver 17 for SQL Server][SQL Server]The statement has been terminated. (3621)")
2026-09-28 10:14:50,119 | ERROR | Loading pipeline failed: ('42000', "[42000] [Microsoft][ODBC Driver 17 for SQL Server][SQL Server]String or binary data would be truncated in table 'student4.dbo.agencies', column 'country'. Truncated value: 'Australia, Bangladesh, Brunei, Bhutan, Canada, Cambodia, China, France, Germany, India, Indonesia, J'. (2628) (SQLExecDirectW); [42000] [Microsoft][ODBC Driver 17 for SQL Server][SQL Server]The statement has been terminated. (3621)")
Traceback (most recent call last):
  File "C:\Users\VC_User6.DESKTOP-22FFUC4\Desktop\DATA ANALYTICS\ASSESMENT\ASSIGNMENT2\Assignment2-space_data_pipeline-\src\load.py", line 1004, in main
    load_agencies(
  File "C:\Users\VC_User6.DESKTOP-22FFUC4\Desktop\DATA ANALYTICS\ASSESMENT\ASSIGNMENT2\Assignment2-space_data_pipeline-\src\load.py", line 253, in load_agencies
    cursor.execute("""
pyodbc.ProgrammingError: ('42000', "[42000] [Microsoft][ODBC Driver 17 for SQL Server][SQL Server]String or binary data would be truncated in table 'student4.dbo.agencies', column 'country'. Truncated value: 'Australia, Bangladesh, Brunei, Bhutan, Canada, Cambodia, China, France, Germany, India, Indonesia, J'. (2628) (SQLExecDirectW); [42000] [Microsoft][ODBC Driver 17 for SQL Server][SQL Server]The statement has been terminated. (3621)")
2026-09-28 10:14:50,135 | INFO | Database connection closed
2026-09-28 10:17:07,240 | INFO | ======================================================================
2026-09-28 10:17:07,240 | INFO | SPACE DATA LOADING PIPELINE STARTED
2026-09-28 10:17:07,240 | INFO | ======================================================================
2026-09-28 10:17:07,240 | INFO | Reading processed file: C:\Users\VC_User6.DESKTOP-22FFUC4\Desktop\DATA ANALYTICS\ASSESMENT\ASSIGNMENT2\Assignment2-space_data_pipeline-\data\processed\agencies.csv
2026-09-28 10:17:07,256 | INFO | Reading processed file: C:\Users\VC_User6.DESKTOP-22FFUC4\Desktop\DATA ANALYTICS\ASSESMENT\ASSIGNMENT2\Assignment2-space_data_pipeline-\data\processed\launcher_configurations.csv
2026-09-28 10:17:07,258 | INFO | Reading processed file: C:\Users\VC_User6.DESKTOP-22FFUC4\Desktop\DATA ANALYTICS\ASSESMENT\ASSIGNMENT2\Assignment2-space_data_pipeline-\data\processed\pads.csv
2026-09-28 10:17:07,260 | INFO | Reading processed file: C:\Users\VC_User6.DESKTOP-22FFUC4\Desktop\DATA ANALYTICS\ASSESMENT\ASSIGNMENT2\Assignment2-space_data_pipeline-\data\processed\launches.csv
2026-09-28 10:17:07,263 | INFO | All processed datasets loaded successfully
2026-09-28 10:17:07,263 | INFO | Validating database configuration
2026-09-28 10:17:07,263 | INFO | Database configuration validation passed
2026-09-28 10:17:07,264 | INFO | Connecting to SQL Server
2026-09-28 10:17:07,309 | INFO | SQL Server connection successful
2026-09-28 10:17:07,309 | INFO | ======================================================================
2026-09-28 10:17:07,309 | INFO | LOADING: AGENCIES
2026-09-28 10:17:07,309 | INFO | ======================================================================
2026-09-28 10:17:07,603 | INFO | Agencies batch committed: 350 records | Inserted: 350 | Updated: 0
2026-09-28 10:17:07,603 | INFO | Agencies loading completed | Inserted: 350 | Updated: 0
2026-09-28 10:17:07,603 | INFO | ======================================================================
2026-09-28 10:17:07,603 | INFO | LOADING: LAUNCHER CONFIGURATIONS
2026-09-28 10:17:07,603 | INFO | ======================================================================
2026-09-28 10:17:07,897 | INFO | Launcher configuration batch committed: 500 records | Inserted: 500 | Updated: 0
2026-09-28 10:17:07,914 | INFO | Launcher configuration batch committed: 32 records | Inserted: 32 | Updated: 0
2026-09-28 10:17:07,914 | INFO | Launcher configuration loading completed | Inserted: 532 | Updated: 0
2026-09-28 10:17:07,914 | INFO | ======================================================================
2026-09-28 10:17:07,914 | INFO | LOADING: PADS
2026-09-28 10:17:07,914 | INFO | ======================================================================
2026-09-28 10:17:08,120 | INFO | Pads batch committed: 212 records | Inserted: 212 | Updated: 0
2026-09-28 10:17:08,120 | INFO | Pad loading completed | Inserted: 212 | Updated: 0
2026-09-28 10:17:08,120 | INFO | ======================================================================
2026-09-28 10:17:08,120 | INFO | LOADING: LAUNCHES
2026-09-28 10:17:08,120 | INFO | ======================================================================
2026-09-28 10:17:08,489 | INFO | Launch batch committed: 200 records | Inserted: 200 | Updated: 0
2026-09-28 10:17:08,489 | INFO | Launch loading completed | Inserted: 200 | Updated: 0
2026-09-28 10:17:08,489 | INFO | ======================================================================
2026-09-28 10:17:08,489 | INFO | SPACE DATA LOADING PIPELINE COMPLETED
2026-09-28 10:17:08,489 | INFO | ======================================================================
2026-09-28 10:17:08,489 | INFO | Agencies processed: 350
2026-09-28 10:17:08,489 | INFO | Launcher configurations processed: 532
2026-09-28 10:17:08,489 | INFO | Pads processed: 212
2026-09-28 10:17:08,489 | INFO | Launches processed: 200
2026-09-28 10:17:08,489 | INFO | ======================================================================
2026-09-28 10:17:08,489 | INFO | Database connection closed
2026-09-28 10:29:16,805 | INFO | ======================================================================
2026-09-28 10:29:16,805 | INFO | SPACE DATA LOADING PIPELINE STARTED
2026-09-28 10:29:16,805 | INFO | ======================================================================
2026-09-28 10:29:16,805 | INFO | Reading processed file: C:\Users\VC_User6.DESKTOP-22FFUC4\Desktop\DATA ANALYTICS\ASSESMENT\ASSIGNMENT2\Assignment2-space_data_pipeline-\data\processed\agencies.csv
2026-09-28 10:29:16,821 | INFO | Reading processed file: C:\Users\VC_User6.DESKTOP-22FFUC4\Desktop\DATA ANALYTICS\ASSESMENT\ASSIGNMENT2\Assignment2-space_data_pipeline-\data\processed\launcher_configurations.csv
2026-09-28 10:29:16,821 | INFO | Reading processed file: C:\Users\VC_User6.DESKTOP-22FFUC4\Desktop\DATA ANALYTICS\ASSESMENT\ASSIGNMENT2\Assignment2-space_data_pipeline-\data\processed\pads.csv
2026-09-28 10:29:16,826 | INFO | Reading processed file: C:\Users\VC_User6.DESKTOP-22FFUC4\Desktop\DATA ANALYTICS\ASSESMENT\ASSIGNMENT2\Assignment2-space_data_pipeline-\data\processed\launches.csv
2026-09-28 10:29:16,829 | INFO | All processed datasets loaded successfully
2026-09-28 10:29:16,830 | INFO | Validating database configuration
2026-09-28 10:29:16,830 | INFO | Database configuration validation passed
2026-09-28 10:29:16,830 | INFO | Connecting to SQL Server
2026-09-28 10:29:16,868 | INFO | SQL Server connection successful
2026-09-28 10:29:16,868 | INFO | ======================================================================
2026-09-28 10:29:16,868 | INFO | LOADING: AGENCIES
2026-09-28 10:29:16,868 | INFO | ======================================================================
2026-09-28 10:29:17,261 | INFO | Agencies batch committed: 350 records | Inserted: 0 | Updated: 350
2026-09-28 10:29:17,261 | INFO | Agencies loading completed | Inserted: 0 | Updated: 350
2026-09-28 10:29:17,261 | INFO | ======================================================================
2026-09-28 10:29:17,261 | INFO | LOADING: LAUNCHER CONFIGURATIONS
2026-09-28 10:29:17,261 | INFO | ======================================================================
2026-09-28 10:29:17,652 | INFO | Launcher configuration batch committed: 500 records | Inserted: 0 | Updated: 500
2026-09-28 10:29:17,671 | INFO | Launcher configuration batch committed: 32 records | Inserted: 0 | Updated: 32
2026-09-28 10:29:17,671 | INFO | Launcher configuration loading completed | Inserted: 0 | Updated: 532
2026-09-28 10:29:17,671 | INFO | ======================================================================
2026-09-28 10:29:17,671 | INFO | LOADING: PADS
2026-09-28 10:29:17,671 | INFO | ======================================================================
2026-09-28 10:29:17,931 | INFO | Pads batch committed: 212 records | Inserted: 0 | Updated: 212
2026-09-28 10:29:17,931 | INFO | Pad loading completed | Inserted: 0 | Updated: 212
2026-09-28 10:29:17,931 | INFO | ======================================================================
2026-09-28 10:29:17,931 | INFO | LOADING: LAUNCHES
2026-09-28 10:29:17,931 | INFO | ======================================================================
2026-09-28 10:29:18,282 | INFO | Launch batch committed: 200 records | Inserted: 0 | Updated: 200
2026-09-28 10:29:18,282 | INFO | Launch loading completed | Inserted: 0 | Updated: 200
2026-09-28 10:29:18,282 | INFO | ======================================================================
2026-09-28 10:29:18,282 | INFO | SPACE DATA LOADING PIPELINE COMPLETED
2026-09-28 10:29:18,282 | INFO | ======================================================================
2026-09-28 10:29:18,282 | INFO | Agencies processed: 350
2026-09-28 10:29:18,282 | INFO | Launcher configurations processed: 532
2026-09-28 10:29:18,282 | INFO | Pads processed: 212
2026-09-28 10:29:18,282 | INFO | Launches processed: 200
2026-09-28 10:29:18,282 | INFO | ======================================================================
2026-09-28 10:29:18,282 | INFO | Database connection closed
2026-09-28 11:40:00,224 | INFO | ======================================================================
2026-09-28 11:40:00,227 | INFO | SPACE DATA EXTRACTION PIPELINE STARTED
2026-09-28 11:40:00,227 | INFO | ======================================================================
2026-09-28 11:40:00,227 | INFO | Raw data directory: C:\Users\VC_User6.DESKTOP-22FFUC4\Desktop\DATA ANALYTICS\ASSESMENT\ASSIGNMENT2\Assignment2-space_data_pipeline-\data\raw
2026-09-28 11:40:00,227 | INFO | ======================================================================
2026-09-28 11:40:00,227 | INFO | EXTRACTING: LAUNCHES
2026-09-28 11:40:00,227 | INFO | ======================================================================
2026-09-28 11:40:00,227 | INFO | Raw data directory: C:\Users\VC_User6.DESKTOP-22FFUC4\Desktop\DATA ANALYTICS\ASSESMENT\ASSIGNMENT2\Assignment2-space_data_pipeline-\data\raw\launches
2026-09-28 11:40:00,227 | INFO | Requesting page 1
2026-09-28 11:40:00,227 | INFO | URL: https://ll.thespacedevs.com/2.3.0/launches/
2026-09-28 11:40:41,904 | WARNING | Request timed out. Attempt 1/3
2026-09-28 11:40:41,904 | INFO | Retrying in 1 seconds...
2026-09-28 11:40:50,111 | INFO | HTTP Status: 200
2026-09-28 11:40:50,170 | INFO | Raw data saved to: C:\Users\VC_User6.DESKTOP-22FFUC4\Desktop\DATA ANALYTICS\ASSESMENT\ASSIGNMENT2\Assignment2-space_data_pipeline-\data\raw\launches\page_1.json
2026-09-28 11:40:50,170 | INFO | Records in page: 100
2026-09-28 11:40:50,171 | INFO | Total records retrieved: 100
2026-09-28 11:40:50,171 | INFO | Next page available.
2026-09-28 11:40:50,171 | INFO | Requesting page 2
2026-09-28 11:40:50,171 | INFO | URL: https://ll.thespacedevs.com/2.3.0/launches/?limit=100&offset=100
2026-09-28 11:41:01,865 | INFO | HTTP Status: 200
2026-09-28 11:41:01,920 | INFO | Raw data saved to: C:\Users\VC_User6.DESKTOP-22FFUC4\Desktop\DATA ANALYTICS\ASSESMENT\ASSIGNMENT2\Assignment2-space_data_pipeline-\data\raw\launches\page_2.json
2026-09-28 11:41:01,920 | INFO | Records in page: 100
2026-09-28 11:41:01,920 | INFO | Total records retrieved: 200
2026-09-28 11:41:01,921 | INFO | Next page available.
2026-09-28 11:41:01,921 | INFO | Extraction completed for launches.
2026-09-28 11:41:01,921 | INFO | Total launches records retrieved: 200
2026-09-28 11:41:01,921 | INFO | ======================================================================
2026-09-28 11:41:01,922 | INFO | EXTRACTING: LAUNCHER_CONFIGURATIONS
2026-09-28 11:41:01,922 | INFO | ======================================================================
2026-09-28 11:41:01,922 | INFO | Raw data directory: C:\Users\VC_User6.DESKTOP-22FFUC4\Desktop\DATA ANALYTICS\ASSESMENT\ASSIGNMENT2\Assignment2-space_data_pipeline-\data\raw\launcher_configurations
2026-09-28 11:41:01,922 | INFO | Requesting page 1
2026-09-28 11:41:01,922 | INFO | URL: https://ll.thespacedevs.com/2.3.0/launcher_configurations/
2026-09-28 11:41:03,870 | INFO | HTTP Status: 200
2026-09-28 11:41:03,943 | INFO | Raw data saved to: C:\Users\VC_User6.DESKTOP-22FFUC4\Desktop\DATA ANALYTICS\ASSESMENT\ASSIGNMENT2\Assignment2-space_data_pipeline-\data\raw\launcher_configurations\page_1.json
2026-09-28 11:41:03,943 | INFO | Records in page: 100
2026-09-28 11:41:03,943 | INFO | Total records retrieved: 100
2026-09-28 11:41:03,943 | INFO | Next page available.
2026-09-28 11:41:03,943 | INFO | Requesting page 2
2026-09-28 11:41:03,943 | INFO | URL: https://ll.thespacedevs.com/2.3.0/launcher_configurations/?limit=100&offset=100
2026-09-28 11:41:04,739 | INFO | HTTP Status: 200
2026-09-28 11:41:04,811 | INFO | Raw data saved to: C:\Users\VC_User6.DESKTOP-22FFUC4\Desktop\DATA ANALYTICS\ASSESMENT\ASSIGNMENT2\Assignment2-space_data_pipeline-\data\raw\launcher_configurations\page_2.json
2026-09-28 11:41:04,811 | INFO | Records in page: 100
2026-09-28 11:41:04,811 | INFO | Total records retrieved: 200
2026-09-28 11:41:04,811 | INFO | Next page available.
2026-09-28 11:41:04,811 | INFO | Requesting page 3
2026-09-28 11:41:04,811 | INFO | URL: https://ll.thespacedevs.com/2.3.0/launcher_configurations/?limit=100&offset=200
2026-09-28 11:41:09,361 | INFO | HTTP Status: 200
2026-09-28 11:41:09,426 | INFO | Raw data saved to: C:\Users\VC_User6.DESKTOP-22FFUC4\Desktop\DATA ANALYTICS\ASSESMENT\ASSIGNMENT2\Assignment2-space_data_pipeline-\data\raw\launcher_configurations\page_3.json
2026-09-28 11:41:09,426 | INFO | Records in page: 100
2026-09-28 11:41:09,426 | INFO | Total records retrieved: 300
2026-09-28 11:41:09,426 | INFO | Next page available.
2026-09-28 11:41:09,426 | INFO | Requesting page 4
2026-09-28 11:41:09,426 | INFO | URL: https://ll.thespacedevs.com/2.3.0/launcher_configurations/?limit=100&offset=300
2026-09-28 11:41:10,706 | INFO | HTTP Status: 200
2026-09-28 11:41:10,761 | INFO | Raw data saved to: C:\Users\VC_User6.DESKTOP-22FFUC4\Desktop\DATA ANALYTICS\ASSESMENT\ASSIGNMENT2\Assignment2-space_data_pipeline-\data\raw\launcher_configurations\page_4.json
2026-09-28 11:41:10,761 | INFO | Records in page: 100
2026-09-28 11:41:10,761 | INFO | Total records retrieved: 400
2026-09-28 11:41:10,761 | INFO | Next page available.
2026-09-28 11:41:10,761 | INFO | Requesting page 5
2026-09-28 11:41:10,761 | INFO | URL: https://ll.thespacedevs.com/2.3.0/launcher_configurations/?limit=100&offset=400
2026-09-28 11:41:11,717 | INFO | HTTP Status: 200
2026-09-28 11:41:11,838 | INFO | Raw data saved to: C:\Users\VC_User6.DESKTOP-22FFUC4\Desktop\DATA ANALYTICS\ASSESMENT\ASSIGNMENT2\Assignment2-space_data_pipeline-\data\raw\launcher_configurations\page_5.json
2026-09-28 11:41:11,838 | INFO | Records in page: 100
2026-09-28 11:41:11,838 | INFO | Total records retrieved: 500
2026-09-28 11:41:11,838 | INFO | Next page available.
2026-09-28 11:41:11,839 | INFO | Requesting page 6
2026-09-28 11:41:11,839 | INFO | URL: https://ll.thespacedevs.com/2.3.0/launcher_configurations/?limit=100&offset=500
2026-09-28 11:41:12,434 | INFO | HTTP Status: 200
2026-09-28 11:41:12,474 | INFO | Raw data saved to: C:\Users\VC_User6.DESKTOP-22FFUC4\Desktop\DATA ANALYTICS\ASSESMENT\ASSIGNMENT2\Assignment2-space_data_pipeline-\data\raw\launcher_configurations\page_6.json
2026-09-28 11:41:12,474 | INFO | Records in page: 32
2026-09-28 11:41:12,474 | INFO | Total records retrieved: 532
2026-09-28 11:41:12,474 | INFO | No more pages available.
2026-09-28 11:41:12,474 | INFO | Extraction completed for launcher_configurations.
2026-09-28 11:41:12,474 | INFO | Total launcher_configurations records retrieved: 532
2026-09-28 11:41:12,474 | INFO | ======================================================================
2026-09-28 11:41:12,474 | INFO | EXTRACTING: AGENCIES
2026-09-28 11:41:12,474 | INFO | ======================================================================
2026-09-28 11:41:12,474 | INFO | Raw data directory: C:\Users\VC_User6.DESKTOP-22FFUC4\Desktop\DATA ANALYTICS\ASSESMENT\ASSIGNMENT2\Assignment2-space_data_pipeline-\data\raw\agencies
2026-09-28 11:41:12,474 | INFO | Requesting page 1
2026-09-28 11:41:12,474 | INFO | URL: https://ll.thespacedevs.com/2.3.0/agencies/
2026-09-28 11:41:13,036 | INFO | HTTP Status: 200
2026-09-28 11:41:13,076 | INFO | Raw data saved to: C:\Users\VC_User6.DESKTOP-22FFUC4\Desktop\DATA ANALYTICS\ASSESMENT\ASSIGNMENT2\Assignment2-space_data_pipeline-\data\raw\agencies\page_1.json
2026-09-28 11:41:13,076 | INFO | Records in page: 100
2026-09-28 11:41:13,076 | INFO | Total records retrieved: 100
2026-09-28 11:41:13,076 | INFO | Next page available.
2026-09-28 11:41:13,076 | INFO | Requesting page 2
2026-09-28 11:41:13,076 | INFO | URL: https://ll.thespacedevs.com/2.3.0/agencies/?limit=100&offset=100
2026-09-28 11:41:13,951 | INFO | HTTP Status: 200
2026-09-28 11:41:13,991 | INFO | Raw data saved to: C:\Users\VC_User6.DESKTOP-22FFUC4\Desktop\DATA ANALYTICS\ASSESMENT\ASSIGNMENT2\Assignment2-space_data_pipeline-\data\raw\agencies\page_2.json
2026-09-28 11:41:13,991 | INFO | Records in page: 100
2026-09-28 11:41:13,991 | INFO | Total records retrieved: 200
2026-09-28 11:41:13,991 | INFO | Next page available.
2026-09-28 11:41:13,991 | INFO | Requesting page 3
2026-09-28 11:41:13,991 | INFO | URL: https://ll.thespacedevs.com/2.3.0/agencies/?limit=100&offset=200
2026-09-28 11:41:14,925 | INFO | HTTP Status: 200
2026-09-28 11:41:14,942 | INFO | Raw data saved to: C:\Users\VC_User6.DESKTOP-22FFUC4\Desktop\DATA ANALYTICS\ASSESMENT\ASSIGNMENT2\Assignment2-space_data_pipeline-\data\raw\agencies\page_3.json
2026-09-28 11:41:14,942 | INFO | Records in page: 100
2026-09-28 11:41:14,942 | INFO | Total records retrieved: 300
2026-09-28 11:41:14,942 | INFO | Next page available.
2026-09-28 11:41:14,942 | INFO | Requesting page 4
2026-09-28 11:41:14,942 | INFO | URL: https://ll.thespacedevs.com/2.3.0/agencies/?limit=100&offset=300
2026-09-28 11:41:15,511 | INFO | HTTP Status: 200
2026-09-28 11:41:15,534 | INFO | Raw data saved to: C:\Users\VC_User6.DESKTOP-22FFUC4\Desktop\DATA ANALYTICS\ASSESMENT\ASSIGNMENT2\Assignment2-space_data_pipeline-\data\raw\agencies\page_4.json
2026-09-28 11:41:15,535 | INFO | Records in page: 50
2026-09-28 11:41:15,535 | INFO | Total records retrieved: 350
2026-09-28 11:41:15,535 | INFO | No more pages available.
2026-09-28 11:41:15,535 | INFO | Extraction completed for agencies.
2026-09-28 11:41:15,535 | INFO | Total agencies records retrieved: 350
2026-09-28 11:41:15,538 | INFO | ======================================================================
2026-09-28 11:41:15,538 | INFO | EXTRACTING: PADS
2026-09-28 11:41:15,538 | INFO | ======================================================================
2026-09-28 11:41:15,538 | INFO | Raw data directory: C:\Users\VC_User6.DESKTOP-22FFUC4\Desktop\DATA ANALYTICS\ASSESMENT\ASSIGNMENT2\Assignment2-space_data_pipeline-\data\raw\pads
2026-09-28 11:41:15,538 | INFO | Requesting page 1
2026-09-28 11:41:15,538 | INFO | URL: https://ll.thespacedevs.com/2.3.0/pads/
2026-09-28 11:41:16,781 | INFO | HTTP Status: 200
2026-09-28 11:41:16,804 | INFO | Raw data saved to: C:\Users\VC_User6.DESKTOP-22FFUC4\Desktop\DATA ANALYTICS\ASSESMENT\ASSIGNMENT2\Assignment2-space_data_pipeline-\data\raw\pads\page_1.json
2026-09-28 11:41:16,804 | INFO | Records in page: 100
2026-09-28 11:41:16,804 | INFO | Total records retrieved: 100
2026-09-28 11:41:16,804 | INFO | Next page available.
2026-09-28 11:41:16,804 | INFO | Requesting page 2
2026-09-28 11:41:16,804 | INFO | URL: https://ll.thespacedevs.com/2.3.0/pads/?limit=100&offset=100
2026-09-28 11:41:20,116 | INFO | HTTP Status: 200
2026-09-28 11:41:20,193 | INFO | Raw data saved to: C:\Users\VC_User6.DESKTOP-22FFUC4\Desktop\DATA ANALYTICS\ASSESMENT\ASSIGNMENT2\Assignment2-space_data_pipeline-\data\raw\pads\page_2.json
2026-09-28 11:41:20,193 | INFO | Records in page: 100
2026-09-28 11:41:20,193 | INFO | Total records retrieved: 200
2026-09-28 11:41:20,193 | INFO | Next page available.
2026-09-28 11:41:20,193 | INFO | Requesting page 3
2026-09-28 11:41:20,193 | INFO | URL: https://ll.thespacedevs.com/2.3.0/pads/?limit=100&offset=200
2026-09-28 11:41:20,555 | INFO | HTTP Status: 429
2026-09-28 11:41:20,562 | WARNING | Temporary API error (429). Attempt 1/3.
2026-09-28 11:41:20,562 | INFO | Retrying in 1 seconds...
2026-09-28 11:41:21,903 | INFO | HTTP Status: 429
2026-09-28 11:41:21,903 | WARNING | Temporary API error (429). Attempt 2/3.
2026-09-28 11:41:21,904 | INFO | Retrying in 2 seconds...
2026-09-28 11:41:24,259 | INFO | HTTP Status: 429
2026-09-28 11:41:24,259 | ERROR | ERROR while extracting pads: API request failed after 3 attempts. Status: 429
Traceback (most recent call last):
  File "C:\Users\VC_User6.DESKTOP-22FFUC4\Desktop\DATA ANALYTICS\ASSESMENT\ASSIGNMENT2\Assignment2-space_data_pipeline-\src\extract.py", line 395, in main
    total_records = extract_endpoint(
                    ^^^^^^^^^^^^^^^^^
  File "C:\Users\VC_User6.DESKTOP-22FFUC4\Desktop\DATA ANALYTICS\ASSESMENT\ASSIGNMENT2\Assignment2-space_data_pipeline-\src\extract.py", line 191, in extract_endpoint
    raise Exception(
Exception: API request failed after 3 attempts. Status: 429
2026-09-28 11:41:24,259 | WARNING | Continuing extraction with remaining datasets...
2026-09-28 11:41:24,259 | INFO | ======================================================================
2026-09-28 11:41:24,259 | INFO | EXTRACTION SUMMARY
2026-09-28 11:41:24,259 | INFO | ======================================================================
2026-09-28 11:41:24,259 | INFO | launches: 200 records
2026-09-28 11:41:24,259 | INFO | launcher_configurations: 532 records
2026-09-28 11:41:24,259 | INFO | agencies: 350 records
2026-09-28 11:41:24,259 | INFO | pads: 0 records
2026-09-28 11:41:24,274 | INFO | ======================================================================
2026-09-28 11:41:24,274 | INFO | SPACE DATA EXTRACTION PIPELINE FINISHED
2026-09-28 11:41:24,276 | INFO | ======================================================================
2026-09-28 11:45:47,011 | INFO | ======================================================================
2026-09-28 11:45:47,024 | INFO | SPACE DATA TRANSFORMATION PIPELINE STARTED
2026-09-28 11:45:47,024 | INFO | ======================================================================
2026-09-28 11:45:47,029 | INFO | Reading raw dataset: agencies
2026-09-28 11:45:47,029 | INFO | Reading: C:\Users\VC_User6.DESKTOP-22FFUC4\Desktop\DATA ANALYTICS\ASSESMENT\ASSIGNMENT2\Assignment2-space_data_pipeline-\data\raw\agencies\page_1.json
2026-09-28 11:45:47,029 | INFO | Records loaded from file: 100
2026-09-28 11:45:47,029 | INFO | Reading: C:\Users\VC_User6.DESKTOP-22FFUC4\Desktop\DATA ANALYTICS\ASSESMENT\ASSIGNMENT2\Assignment2-space_data_pipeline-\data\raw\agencies\page_2.json
2026-09-28 11:45:47,046 | INFO | Records loaded from file: 100
2026-09-28 11:45:47,047 | INFO | Reading: C:\Users\VC_User6.DESKTOP-22FFUC4\Desktop\DATA ANALYTICS\ASSESMENT\ASSIGNMENT2\Assignment2-space_data_pipeline-\data\raw\agencies\page_3.json
2026-09-28 11:45:47,053 | INFO | Records loaded from file: 100
2026-09-28 11:45:47,054 | INFO | Reading: C:\Users\VC_User6.DESKTOP-22FFUC4\Desktop\DATA ANALYTICS\ASSESMENT\ASSIGNMENT2\Assignment2-space_data_pipeline-\data\raw\agencies\page_4.json
2026-09-28 11:45:47,057 | INFO | Records loaded from file: 50
2026-09-28 11:45:47,057 | INFO | Total raw records for agencies: 350
2026-09-28 11:45:47,057 | INFO | Reading raw dataset: launcher_configurations
2026-09-28 11:45:47,061 | INFO | Reading: C:\Users\VC_User6.DESKTOP-22FFUC4\Desktop\DATA ANALYTICS\ASSESMENT\ASSIGNMENT2\Assignment2-space_data_pipeline-\data\raw\launcher_configurations\page_1.json
2026-09-28 11:45:47,088 | INFO | Records loaded from file: 100
2026-09-28 11:45:47,088 | INFO | Reading: C:\Users\VC_User6.DESKTOP-22FFUC4\Desktop\DATA ANALYTICS\ASSESMENT\ASSIGNMENT2\Assignment2-space_data_pipeline-\data\raw\launcher_configurations\page_2.json
2026-09-28 11:45:47,097 | INFO | Records loaded from file: 100
2026-09-28 11:45:47,097 | INFO | Reading: C:\Users\VC_User6.DESKTOP-22FFUC4\Desktop\DATA ANALYTICS\ASSESMENT\ASSIGNMENT2\Assignment2-space_data_pipeline-\data\raw\launcher_configurations\page_3.json
2026-09-28 11:45:47,131 | INFO | Records loaded from file: 100
2026-09-28 11:45:47,131 | INFO | Reading: C:\Users\VC_User6.DESKTOP-22FFUC4\Desktop\DATA ANALYTICS\ASSESMENT\ASSIGNMENT2\Assignment2-space_data_pipeline-\data\raw\launcher_configurations\page_4.json
2026-09-28 11:45:47,148 | INFO | Records loaded from file: 100
2026-09-28 11:45:47,148 | INFO | Reading: C:\Users\VC_User6.DESKTOP-22FFUC4\Desktop\DATA ANALYTICS\ASSESMENT\ASSIGNMENT2\Assignment2-space_data_pipeline-\data\raw\launcher_configurations\page_5.json
2026-09-28 11:45:47,161 | INFO | Records loaded from file: 100
2026-09-28 11:45:47,161 | INFO | Reading: C:\Users\VC_User6.DESKTOP-22FFUC4\Desktop\DATA ANALYTICS\ASSESMENT\ASSIGNMENT2\Assignment2-space_data_pipeline-\data\raw\launcher_configurations\page_6.json
2026-09-28 11:45:47,164 | INFO | Records loaded from file: 32
2026-09-28 11:45:47,164 | INFO | Total raw records for launcher_configurations: 532
2026-09-28 11:45:47,164 | INFO | Reading raw dataset: pads
2026-09-28 11:45:47,164 | INFO | Reading: C:\Users\VC_User6.DESKTOP-22FFUC4\Desktop\DATA ANALYTICS\ASSESMENT\ASSIGNMENT2\Assignment2-space_data_pipeline-\data\raw\pads\page_1.json
2026-09-28 11:45:47,214 | INFO | Records loaded from file: 100
2026-09-28 11:45:47,214 | INFO | Reading: C:\Users\VC_User6.DESKTOP-22FFUC4\Desktop\DATA ANALYTICS\ASSESMENT\ASSIGNMENT2\Assignment2-space_data_pipeline-\data\raw\pads\page_2.json
2026-09-28 11:45:47,264 | INFO | Records loaded from file: 100
2026-09-28 11:45:47,264 | INFO | Reading: C:\Users\VC_User6.DESKTOP-22FFUC4\Desktop\DATA ANALYTICS\ASSESMENT\ASSIGNMENT2\Assignment2-space_data_pipeline-\data\raw\pads\page_3.json
2026-09-28 11:45:47,314 | INFO | Records loaded from file: 51
2026-09-28 11:45:47,314 | INFO | Total raw records for pads: 251
2026-09-28 11:45:47,314 | INFO | Reading raw dataset: launches
2026-09-28 11:45:47,314 | INFO | Reading: C:\Users\VC_User6.DESKTOP-22FFUC4\Desktop\DATA ANALYTICS\ASSESMENT\ASSIGNMENT2\Assignment2-space_data_pipeline-\data\raw\launches\page_1.json
2026-09-28 11:45:47,314 | INFO | Records loaded from file: 100
2026-09-28 11:45:47,314 | INFO | Reading: C:\Users\VC_User6.DESKTOP-22FFUC4\Desktop\DATA ANALYTICS\ASSESMENT\ASSIGNMENT2\Assignment2-space_data_pipeline-\data\raw\launches\page_2.json
2026-09-28 11:45:47,385 | INFO | Records loaded from file: 100
2026-09-28 11:45:47,385 | INFO | Total raw records for launches: 200
2026-09-28 11:45:47,385 | INFO | ======================================================================
2026-09-28 11:45:47,385 | INFO | TRANSFORMING: AGENCIES
2026-09-28 11:45:47,386 | INFO | ======================================================================
2026-09-28 11:45:47,389 | INFO | Duplicate agencies removed: 0
2026-09-28 11:45:47,393 | INFO | Missing agency country values: 0
2026-09-28 11:45:47,393 | INFO | Missing agency type values: 0
2026-09-28 11:45:47,393 | INFO | Processed agency records: 350
2026-09-28 11:45:47,393 | INFO | ======================================================================
2026-09-28 11:45:47,394 | INFO | TRANSFORMING: LAUNCHER CONFIGURATIONS
2026-09-28 11:45:47,394 | INFO | ======================================================================
2026-09-28 11:45:47,396 | INFO | Duplicate launcher configurations removed: 0
2026-09-28 11:45:47,399 | INFO | Launcher configuration transformation completed.
2026-09-28 11:45:47,399 | INFO | Processed records: 532
2026-09-28 11:45:47,399 | INFO | ======================================================================
2026-09-28 11:45:47,399 | INFO | TRANSFORMING: PADS
2026-09-28 11:45:47,399 | INFO | ======================================================================
2026-09-28 11:45:47,404 | INFO | Duplicate pads removed: 39
2026-09-28 11:45:47,406 | INFO | Processed pad records: 212
2026-09-28 11:45:47,406 | INFO | ======================================================================
2026-09-28 11:45:47,406 | INFO | TRANSFORMING: LAUNCHES
2026-09-28 11:45:47,406 | INFO | ======================================================================
2026-09-28 11:45:47,408 | INFO | Duplicate launches removed: 0
2026-09-28 11:45:47,415 | INFO | Launches with unmatched agencies: 0
2026-09-28 11:45:47,415 | INFO | Launches with unmatched launcher configurations: 0
2026-09-28 11:45:47,415 | INFO | Launches with unmatched pads: 36
2026-09-28 11:45:47,421 | INFO | Successful launches: 114
2026-09-28 11:45:47,421 | INFO | Processed launch records: 200
2026-09-28 11:45:47,432 | INFO | Processed data saved to: C:\Users\VC_User6.DESKTOP-22FFUC4\Desktop\DATA ANALYTICS\ASSESMENT\ASSIGNMENT2\Assignment2-space_data_pipeline-\data\processed\agencies.csv
2026-09-28 11:45:47,439 | INFO | Processed data saved to: C:\Users\VC_User6.DESKTOP-22FFUC4\Desktop\DATA ANALYTICS\ASSESMENT\ASSIGNMENT2\Assignment2-space_data_pipeline-\data\processed\launcher_configurations.csv
2026-09-28 11:45:47,442 | INFO | Processed data saved to: C:\Users\VC_User6.DESKTOP-22FFUC4\Desktop\DATA ANALYTICS\ASSESMENT\ASSIGNMENT2\Assignment2-space_data_pipeline-\data\processed\pads.csv
2026-09-28 11:45:47,447 | INFO | Processed data saved to: C:\Users\VC_User6.DESKTOP-22FFUC4\Desktop\DATA ANALYTICS\ASSESMENT\ASSIGNMENT2\Assignment2-space_data_pipeline-\data\processed\launches.csv
2026-09-28 11:45:47,447 | INFO | ======================================================================
2026-09-28 11:45:47,447 | INFO | TRANSFORMATION SUMMARY
2026-09-28 11:45:47,447 | INFO | ======================================================================
2026-09-28 11:45:47,447 | INFO | Agencies: 350
2026-09-28 11:45:47,448 | INFO | Launcher configurations: 532
2026-09-28 11:45:47,448 | INFO | Pads: 212
2026-09-28 11:45:47,448 | INFO | Launches: 200
2026-09-28 11:45:47,448 | INFO | ======================================================================
2026-09-28 11:45:47,448 | INFO | SPACE DATA TRANSFORMATION PIPELINE COMPLETED
2026-09-28 11:45:47,448 | INFO | ======================================================================
2026-09-28 11:45:54,562 | INFO | ======================================================================
2026-09-28 11:45:54,562 | INFO | SPACE DATA LOADING PIPELINE STARTED
2026-09-28 11:45:54,562 | INFO | ======================================================================
2026-09-28 11:45:54,562 | INFO | Reading processed file: C:\Users\VC_User6.DESKTOP-22FFUC4\Desktop\DATA ANALYTICS\ASSESMENT\ASSIGNMENT2\Assignment2-space_data_pipeline-\data\processed\agencies.csv
2026-09-28 11:45:54,562 | INFO | Reading processed file: C:\Users\VC_User6.DESKTOP-22FFUC4\Desktop\DATA ANALYTICS\ASSESMENT\ASSIGNMENT2\Assignment2-space_data_pipeline-\data\processed\launcher_configurations.csv
2026-09-28 11:45:54,562 | INFO | Reading processed file: C:\Users\VC_User6.DESKTOP-22FFUC4\Desktop\DATA ANALYTICS\ASSESMENT\ASSIGNMENT2\Assignment2-space_data_pipeline-\data\processed\pads.csv
2026-09-28 11:45:54,577 | INFO | Reading processed file: C:\Users\VC_User6.DESKTOP-22FFUC4\Desktop\DATA ANALYTICS\ASSESMENT\ASSIGNMENT2\Assignment2-space_data_pipeline-\data\processed\launches.csv
2026-09-28 11:45:54,577 | INFO | All processed datasets loaded successfully
2026-09-28 11:45:54,577 | INFO | Validating database configuration
2026-09-28 11:45:54,577 | INFO | Database configuration validation passed
2026-09-28 11:45:54,577 | INFO | Connecting to SQL Server
2026-09-28 11:45:54,641 | INFO | SQL Server connection successful
2026-09-28 11:45:54,641 | INFO | ======================================================================
2026-09-28 11:45:54,641 | INFO | LOADING: AGENCIES
2026-09-28 11:45:54,641 | INFO | ======================================================================
2026-09-28 11:45:55,083 | INFO | Agencies batch committed: 350 records | Inserted: 0 | Updated: 350
2026-09-28 11:45:55,083 | INFO | Agencies loading completed | Inserted: 0 | Updated: 350
2026-09-28 11:45:55,083 | INFO | ======================================================================
2026-09-28 11:45:55,083 | INFO | LOADING: LAUNCHER CONFIGURATIONS
2026-09-28 11:45:55,083 | INFO | ======================================================================
2026-09-28 11:45:55,490 | INFO | Launcher configuration batch committed: 500 records | Inserted: 0 | Updated: 500
2026-09-28 11:45:55,528 | INFO | Launcher configuration batch committed: 32 records | Inserted: 0 | Updated: 32
2026-09-28 11:45:55,528 | INFO | Launcher configuration loading completed | Inserted: 0 | Updated: 532
2026-09-28 11:45:55,528 | INFO | ======================================================================
2026-09-28 11:45:55,528 | INFO | LOADING: PADS
2026-09-28 11:45:55,528 | INFO | ======================================================================
2026-09-28 11:45:55,835 | INFO | Pads batch committed: 212 records | Inserted: 0 | Updated: 212
2026-09-28 11:45:55,835 | INFO | Pad loading completed | Inserted: 0 | Updated: 212
2026-09-28 11:45:55,835 | INFO | ======================================================================
2026-09-28 11:45:55,835 | INFO | LOADING: LAUNCHES
2026-09-28 11:45:55,835 | INFO | ======================================================================
2026-09-28 11:45:56,189 | INFO | Launch batch committed: 200 records | Inserted: 0 | Updated: 200
2026-09-28 11:45:56,189 | INFO | Launch loading completed | Inserted: 0 | Updated: 200
2026-09-28 11:45:56,189 | INFO | ======================================================================
2026-09-28 11:45:56,189 | INFO | SPACE DATA LOADING PIPELINE COMPLETED
2026-09-28 11:45:56,189 | INFO | ======================================================================
2026-09-28 11:45:56,189 | INFO | Agencies processed: 350
2026-09-28 11:45:56,189 | INFO | Launcher configurations processed: 532
2026-09-28 11:45:56,189 | INFO | Pads processed: 212
2026-09-28 11:45:56,189 | INFO | Launches processed: 200
2026-09-28 11:45:56,189 | INFO | ======================================================================
2026-09-28 11:45:56,189 | INFO | Database connection closed
2026-09-28 12:13:43,545 | INFO | ======================================================================
2026-09-28 12:13:43,545 | INFO | FAILURE SCENARIO TEST STARTED
2026-09-28 12:13:43,545 | INFO | ======================================================================
2026-09-28 12:13:43,546 | INFO | Reading processed file: C:\Users\VC_User6.DESKTOP-22FFUC4\Desktop\DATA ANALYTICS\ASSESMENT\ASSIGNMENT2\Assignment2-space_data_pipeline-\data\processed\launches.csv
2026-09-28 12:13:43,569 | INFO | Total launch records: 200
2026-09-28 12:13:43,569 | INFO | Connecting to SQL Server
2026-09-28 12:13:43,714 | INFO | SQL Server connection successful
2026-09-28 12:13:43,714 | INFO | Failure test batch size: 50
2026-09-28 12:13:43,714 | INFO | Loading first batch
2026-09-28 12:13:43,767 | ERROR | Failure scenario test failed: ('42000', '[42000] [Microsoft][ODBC Driver 17 for SQL Server][SQL Server]The incoming tabular data stream (TDS) remote procedure call (RPC) protocol stream is incorrect. Parameter 9 (""): The supplied value is not a valid instance of data type float. Check the source data for invalid values. An example of an invalid value is data of numeric type with scale greater than precision. (8023) (SQLExecDirectW)')
Traceback (most recent call last):
  File "C:\Users\VC_User6.DESKTOP-22FFUC4\Desktop\DATA ANALYTICS\ASSESMENT\ASSIGNMENT2\Assignment2-space_data_pipeline-\src\failure_scenario.py", line 145, in run_failure_scenario
    cursor.execute("""
pyodbc.ProgrammingError: ('42000', '[42000] [Microsoft][ODBC Driver 17 for SQL Server][SQL Server]The incoming tabular data stream (TDS) remote procedure call (RPC) protocol stream is incorrect. Parameter 9 (""): The supplied value is not a valid instance of data type float. Check the source data for invalid values. An example of an invalid value is data of numeric type with scale greater than precision. (8023) (SQLExecDirectW)')
2026-09-28 12:13:43,768 | INFO | Database connection closed
2026-09-28 12:18:56,332 | INFO | ======================================================================
2026-09-28 12:18:56,332 | INFO | FAILURE SCENARIO TEST STARTED
2026-09-28 12:18:56,332 | INFO | ======================================================================
2026-09-28 12:18:56,332 | INFO | Reading processed file: C:\Users\VC_User6.DESKTOP-22FFUC4\Desktop\DATA ANALYTICS\ASSESMENT\ASSIGNMENT2\Assignment2-space_data_pipeline-\data\processed\launches.csv
2026-09-28 12:18:56,334 | INFO | Total launch records: 200
2026-09-28 12:18:56,336 | INFO | Connecting to SQL Server
2026-09-28 12:18:56,376 | INFO | SQL Server connection successful
2026-09-28 12:18:56,376 | INFO | Failure test batch size: 50
2026-09-28 12:18:56,376 | INFO | ======================================================================
2026-09-28 12:18:56,376 | INFO | PROCESSING FIRST BATCH
2026-09-28 12:18:56,376 | INFO | ======================================================================
2026-09-28 12:18:56,376 | INFO | First batch records: 50
2026-09-28 12:18:56,437 | INFO | First batch committed successfully: 50 records
2026-09-28 12:18:56,437 | INFO | ======================================================================
2026-09-28 12:18:56,438 | INFO | PREPARING SECOND BATCH
2026-09-28 12:18:56,438 | INFO | ======================================================================
2026-09-28 12:18:56,438 | INFO | Second batch records: 50
2026-09-28 12:18:56,438 | INFO | Introducing invalid agency_id to trigger foreign key failure
2026-09-28 12:18:56,438 | INFO | Invalid agency_id assigned: 999999999
2026-09-28 12:18:56,439 | INFO | ======================================================================
2026-09-28 12:18:56,439 | INFO | PROCESSING SECOND BATCH
2026-09-28 12:18:56,439 | INFO | ======================================================================
2026-09-28 12:18:56,556 | ERROR | Second batch failed because of the intentionally invalid foreign key.
Traceback (most recent call last):
  File "C:\Users\VC_User6.DESKTOP-22FFUC4\Desktop\DATA ANALYTICS\ASSESMENT\ASSIGNMENT2\Assignment2-space_data_pipeline-\src\failure_scenario.py", line 391, in run_failure_scenario
    insert_launch(
  File "C:\Users\VC_User6.DESKTOP-22FFUC4\Desktop\DATA ANALYTICS\ASSESMENT\ASSIGNMENT2\Assignment2-space_data_pipeline-\src\failure_scenario.py", line 143, in insert_launch
    cursor.execute("""
pyodbc.IntegrityError: ('23000', '[23000] [Microsoft][ODBC Driver 17 for SQL Server][SQL Server]The INSERT statement conflicted with the FOREIGN KEY constraint "FK_failure_test_agencies". The conflict occurred in database "student4", table "dbo.agencies", column \'agency_id\'. (547) (SQLExecDirectW); [23000] [Microsoft][ODBC Driver 17 for SQL Server][SQL Server]The statement has been terminated. (3621)')
2026-09-28 12:18:56,564 | INFO | Current second batch rolled back.
2026-09-28 12:18:56,564 | INFO | First batch remains committed.
2026-09-28 12:18:56,564 | INFO | Failure scenario behaved as expected.
2026-09-28 12:18:56,564 | INFO | ======================================================================
2026-09-28 12:18:56,565 | INFO | VERIFYING FAILURE SCENARIO RESULT
2026-09-28 12:18:56,565 | INFO | ======================================================================
2026-09-28 12:18:56,578 | INFO | Records remaining after rollback: 50
2026-09-28 12:18:56,579 | INFO | ROLLBACK VERIFICATION PASSED
2026-09-28 12:18:56,579 | INFO | Expected records: 50
2026-09-28 12:18:56,580 | INFO | Actual records: 50
2026-09-28 12:18:56,580 | INFO | Database cursor closed
2026-09-28 12:18:56,581 | INFO | Database connection closed
2026-09-28 12:18:56,581 | INFO | ======================================================================
2026-09-28 12:18:56,581 | INFO | FAILURE SCENARIO TEST COMPLETED
2026-09-28 12:18:56,582 | INFO | ======================================================================
2026-09-28 13:48:46,491 | INFO | ======================================================================
2026-09-28 13:48:46,512 | INFO | SPACE DATA EXTRACTION PIPELINE STARTED
2026-09-28 13:48:46,512 | INFO | ======================================================================
2026-09-28 13:48:46,512 | INFO | Raw data directory: C:\Users\VC_User6.DESKTOP-22FFUC4\Desktop\DATA ANALYTICS\ASSESMENT\ASSIGNMENT2\Assignment2-space_data_pipeline-\data\raw
2026-09-28 13:48:46,512 | INFO | ======================================================================
2026-09-28 13:48:46,512 | INFO | EXTRACTING: LAUNCHES
2026-09-28 13:48:46,512 | INFO | ======================================================================
2026-09-28 13:48:46,512 | INFO | Raw data directory: C:\Users\VC_User6.DESKTOP-22FFUC4\Desktop\DATA ANALYTICS\ASSESMENT\ASSIGNMENT2\Assignment2-space_data_pipeline-\data\raw\launches
2026-09-28 13:48:46,512 | INFO | Requesting page 1
2026-09-28 13:48:46,512 | INFO | URL: https://ll.thespacedevs.com/2.3.0/launches/
2026-09-28 13:48:51,579 | INFO | HTTP Status: 200
2026-09-28 13:48:51,677 | INFO | Raw data saved to: C:\Users\VC_User6.DESKTOP-22FFUC4\Desktop\DATA ANALYTICS\ASSESMENT\ASSIGNMENT2\Assignment2-space_data_pipeline-\data\raw\launches\page_1.json
2026-09-28 13:48:51,677 | INFO | Records in page: 100
2026-09-28 13:48:51,677 | INFO | Total records retrieved: 100
2026-09-28 13:48:51,677 | INFO | Next page available.
2026-09-28 13:48:51,678 | INFO | Requesting page 2
2026-09-28 13:48:51,678 | INFO | URL: https://ll.thespacedevs.com/2.3.0/launches/?limit=100&offset=100
2026-09-28 13:48:53,612 | INFO | HTTP Status: 200
2026-09-28 13:48:53,710 | INFO | Raw data saved to: C:\Users\VC_User6.DESKTOP-22FFUC4\Desktop\DATA ANALYTICS\ASSESMENT\ASSIGNMENT2\Assignment2-space_data_pipeline-\data\raw\launches\page_2.json
2026-09-28 13:48:53,710 | INFO | Records in page: 100
2026-09-28 13:48:53,710 | INFO | Total records retrieved: 200
2026-09-28 13:48:53,710 | INFO | Next page available.
2026-09-28 13:48:53,710 | INFO | Extraction completed for launches.
2026-09-28 13:48:53,710 | INFO | Total launches records retrieved: 200
2026-09-28 13:48:53,710 | INFO | ======================================================================
2026-09-28 13:48:53,710 | INFO | EXTRACTING: LAUNCHER_CONFIGURATIONS
2026-09-28 13:48:53,710 | INFO | ======================================================================
2026-09-28 13:48:53,710 | INFO | Raw data directory: C:\Users\VC_User6.DESKTOP-22FFUC4\Desktop\DATA ANALYTICS\ASSESMENT\ASSIGNMENT2\Assignment2-space_data_pipeline-\data\raw\launcher_configurations
2026-09-28 13:48:53,710 | INFO | Requesting page 1
2026-09-28 13:48:53,710 | INFO | URL: https://ll.thespacedevs.com/2.3.0/launcher_configurations/
2026-09-28 13:48:54,570 | INFO | HTTP Status: 200
2026-09-28 13:48:54,638 | INFO | Raw data saved to: C:\Users\VC_User6.DESKTOP-22FFUC4\Desktop\DATA ANALYTICS\ASSESMENT\ASSIGNMENT2\Assignment2-space_data_pipeline-\data\raw\launcher_configurations\page_1.json
2026-09-28 13:48:54,638 | INFO | Records in page: 100
2026-09-28 13:48:54,639 | INFO | Total records retrieved: 100
2026-09-28 13:48:54,639 | INFO | Next page available.
2026-09-28 13:48:54,639 | INFO | Requesting page 2
2026-09-28 13:48:54,639 | INFO | URL: https://ll.thespacedevs.com/2.3.0/launcher_configurations/?limit=100&offset=100
2026-09-28 13:48:55,508 | INFO | HTTP Status: 200
2026-09-28 13:48:55,584 | INFO | Raw data saved to: C:\Users\VC_User6.DESKTOP-22FFUC4\Desktop\DATA ANALYTICS\ASSESMENT\ASSIGNMENT2\Assignment2-space_data_pipeline-\data\raw\launcher_configurations\page_2.json
2026-09-28 13:48:55,584 | INFO | Records in page: 100
2026-09-28 13:48:55,584 | INFO | Total records retrieved: 200
2026-09-28 13:48:55,584 | INFO | Next page available.
2026-09-28 13:48:55,584 | INFO | Requesting page 3
2026-09-28 13:48:55,584 | INFO | URL: https://ll.thespacedevs.com/2.3.0/launcher_configurations/?limit=100&offset=200
2026-09-28 13:48:56,353 | INFO | HTTP Status: 200
2026-09-28 13:48:56,436 | INFO | Raw data saved to: C:\Users\VC_User6.DESKTOP-22FFUC4\Desktop\DATA ANALYTICS\ASSESMENT\ASSIGNMENT2\Assignment2-space_data_pipeline-\data\raw\launcher_configurations\page_3.json
2026-09-28 13:48:56,436 | INFO | Records in page: 100
2026-09-28 13:48:56,436 | INFO | Total records retrieved: 300
2026-09-28 13:48:56,436 | INFO | Next page available.
2026-09-28 13:48:56,436 | INFO | Requesting page 4
2026-09-28 13:48:56,436 | INFO | URL: https://ll.thespacedevs.com/2.3.0/launcher_configurations/?limit=100&offset=300
2026-09-28 13:48:57,423 | INFO | HTTP Status: 200
2026-09-28 13:48:57,524 | INFO | Raw data saved to: C:\Users\VC_User6.DESKTOP-22FFUC4\Desktop\DATA ANALYTICS\ASSESMENT\ASSIGNMENT2\Assignment2-space_data_pipeline-\data\raw\launcher_configurations\page_4.json
2026-09-28 13:48:57,524 | INFO | Records in page: 100
2026-09-28 13:48:57,524 | INFO | Total records retrieved: 400
2026-09-28 13:48:57,524 | INFO | Next page available.
2026-09-28 13:48:57,524 | INFO | Requesting page 5
2026-09-28 13:48:57,524 | INFO | URL: https://ll.thespacedevs.com/2.3.0/launcher_configurations/?limit=100&offset=400
2026-09-28 13:48:58,181 | INFO | HTTP Status: 200
2026-09-28 13:48:58,272 | INFO | Raw data saved to: C:\Users\VC_User6.DESKTOP-22FFUC4\Desktop\DATA ANALYTICS\ASSESMENT\ASSIGNMENT2\Assignment2-space_data_pipeline-\data\raw\launcher_configurations\page_5.json
2026-09-28 13:48:58,272 | INFO | Records in page: 100
2026-09-28 13:48:58,272 | INFO | Total records retrieved: 500
2026-09-28 13:48:58,272 | INFO | Next page available.
2026-09-28 13:48:58,273 | INFO | Requesting page 6
2026-09-28 13:48:58,273 | INFO | URL: https://ll.thespacedevs.com/2.3.0/launcher_configurations/?limit=100&offset=500
2026-09-28 13:48:58,793 | INFO | HTTP Status: 200
2026-09-28 13:48:58,830 | INFO | Raw data saved to: C:\Users\VC_User6.DESKTOP-22FFUC4\Desktop\DATA ANALYTICS\ASSESMENT\ASSIGNMENT2\Assignment2-space_data_pipeline-\data\raw\launcher_configurations\page_6.json
2026-09-28 13:48:58,830 | INFO | Records in page: 32
2026-09-28 13:48:58,830 | INFO | Total records retrieved: 532
2026-09-28 13:48:58,830 | INFO | No more pages available.
2026-09-28 13:48:58,830 | INFO | Extraction completed for launcher_configurations.
2026-09-28 13:48:58,830 | INFO | Total launcher_configurations records retrieved: 532
2026-09-28 13:48:58,830 | INFO | ======================================================================
2026-09-28 13:48:58,830 | INFO | EXTRACTING: AGENCIES
2026-09-28 13:48:58,830 | INFO | ======================================================================
2026-09-28 13:48:58,830 | INFO | Raw data directory: C:\Users\VC_User6.DESKTOP-22FFUC4\Desktop\DATA ANALYTICS\ASSESMENT\ASSIGNMENT2\Assignment2-space_data_pipeline-\data\raw\agencies
2026-09-28 13:48:58,830 | INFO | Requesting page 1
2026-09-28 13:48:58,830 | INFO | URL: https://ll.thespacedevs.com/2.3.0/agencies/
2026-09-28 13:48:59,612 | INFO | HTTP Status: 200
2026-09-28 13:48:59,650 | INFO | Raw data saved to: C:\Users\VC_User6.DESKTOP-22FFUC4\Desktop\DATA ANALYTICS\ASSESMENT\ASSIGNMENT2\Assignment2-space_data_pipeline-\data\raw\agencies\page_1.json
2026-09-28 13:48:59,650 | INFO | Records in page: 100
2026-09-28 13:48:59,650 | INFO | Total records retrieved: 100
2026-09-28 13:48:59,651 | INFO | Next page available.
2026-09-28 13:48:59,651 | INFO | Requesting page 2
2026-09-28 13:48:59,651 | INFO | URL: https://ll.thespacedevs.com/2.3.0/agencies/?limit=100&offset=100
2026-09-28 13:49:00,122 | INFO | HTTP Status: 200
2026-09-28 13:49:00,132 | INFO | Raw data saved to: C:\Users\VC_User6.DESKTOP-22FFUC4\Desktop\DATA ANALYTICS\ASSESMENT\ASSIGNMENT2\Assignment2-space_data_pipeline-\data\raw\agencies\page_2.json
2026-09-28 13:49:00,134 | INFO | Records in page: 100
2026-09-28 13:49:00,134 | INFO | Total records retrieved: 200
2026-09-28 13:49:00,134 | INFO | Next page available.
2026-09-28 13:49:00,134 | INFO | Requesting page 3
2026-09-28 13:49:00,135 | INFO | URL: https://ll.thespacedevs.com/2.3.0/agencies/?limit=100&offset=200
2026-09-28 13:49:00,600 | INFO | HTTP Status: 200
2026-09-28 13:49:00,601 | INFO | Raw data saved to: C:\Users\VC_User6.DESKTOP-22FFUC4\Desktop\DATA ANALYTICS\ASSESMENT\ASSIGNMENT2\Assignment2-space_data_pipeline-\data\raw\agencies\page_3.json
2026-09-28 13:49:00,601 | INFO | Records in page: 100
2026-09-28 13:49:00,617 | INFO | Total records retrieved: 300
2026-09-28 13:49:00,617 | INFO | Next page available.
2026-09-28 13:49:00,617 | INFO | Requesting page 4
2026-09-28 13:49:00,618 | INFO | URL: https://ll.thespacedevs.com/2.3.0/agencies/?limit=100&offset=300
2026-09-28 13:49:01,076 | INFO | HTTP Status: 200
2026-09-28 13:49:01,094 | INFO | Raw data saved to: C:\Users\VC_User6.DESKTOP-22FFUC4\Desktop\DATA ANALYTICS\ASSESMENT\ASSIGNMENT2\Assignment2-space_data_pipeline-\data\raw\agencies\page_4.json
2026-09-28 13:49:01,094 | INFO | Records in page: 50
2026-09-28 13:49:01,094 | INFO | Total records retrieved: 350
2026-09-28 13:49:01,094 | INFO | No more pages available.
2026-09-28 13:49:01,094 | INFO | Extraction completed for agencies.
2026-09-28 13:49:01,103 | INFO | Total agencies records retrieved: 350
2026-09-28 13:49:01,103 | INFO | ======================================================================
2026-09-28 13:49:01,103 | INFO | EXTRACTING: PADS
2026-09-28 13:49:01,104 | INFO | ======================================================================
2026-09-28 13:49:01,104 | INFO | Raw data directory: C:\Users\VC_User6.DESKTOP-22FFUC4\Desktop\DATA ANALYTICS\ASSESMENT\ASSIGNMENT2\Assignment2-space_data_pipeline-\data\raw\pads
2026-09-28 13:49:01,104 | INFO | Requesting page 1
2026-09-28 13:49:01,104 | INFO | URL: https://ll.thespacedevs.com/2.3.0/pads/
2026-09-28 13:49:02,088 | INFO | HTTP Status: 200
2026-09-28 13:49:02,156 | INFO | Raw data saved to: C:\Users\VC_User6.DESKTOP-22FFUC4\Desktop\DATA ANALYTICS\ASSESMENT\ASSIGNMENT2\Assignment2-space_data_pipeline-\data\raw\pads\page_1.json
2026-09-28 13:49:02,156 | INFO | Records in page: 100
2026-09-28 13:49:02,156 | INFO | Total records retrieved: 100
2026-09-28 13:49:02,156 | INFO | Next page available.
2026-09-28 13:49:02,156 | INFO | Requesting page 2
2026-09-28 13:49:02,156 | INFO | URL: https://ll.thespacedevs.com/2.3.0/pads/?limit=100&offset=100
2026-09-28 13:49:02,967 | INFO | HTTP Status: 200
2026-09-28 13:49:03,040 | INFO | Raw data saved to: C:\Users\VC_User6.DESKTOP-22FFUC4\Desktop\DATA ANALYTICS\ASSESMENT\ASSIGNMENT2\Assignment2-space_data_pipeline-\data\raw\pads\page_2.json
2026-09-28 13:49:03,041 | INFO | Records in page: 100
2026-09-28 13:49:03,041 | INFO | Total records retrieved: 200
2026-09-28 13:49:03,041 | INFO | Next page available.
2026-09-28 13:49:03,041 | INFO | Requesting page 3
2026-09-28 13:49:03,041 | INFO | URL: https://ll.thespacedevs.com/2.3.0/pads/?limit=100&offset=200
2026-09-28 13:49:03,664 | INFO | HTTP Status: 200
2026-09-28 13:49:03,713 | INFO | Raw data saved to: C:\Users\VC_User6.DESKTOP-22FFUC4\Desktop\DATA ANALYTICS\ASSESMENT\ASSIGNMENT2\Assignment2-space_data_pipeline-\data\raw\pads\page_3.json
2026-09-28 13:49:03,714 | INFO | Records in page: 51
2026-09-28 13:49:03,714 | INFO | Total records retrieved: 251
2026-09-28 13:49:03,714 | INFO | No more pages available.
2026-09-28 13:49:03,715 | INFO | Extraction completed for pads.
2026-09-28 13:49:03,715 | INFO | Total pads records retrieved: 251
2026-09-28 13:49:03,715 | INFO | ======================================================================
2026-09-28 13:49:03,715 | INFO | EXTRACTION SUMMARY
2026-09-28 13:49:03,716 | INFO | ======================================================================
2026-09-28 13:49:03,716 | INFO | launches: 200 records
2026-09-28 13:49:03,716 | INFO | launcher_configurations: 532 records
2026-09-28 13:49:03,716 | INFO | agencies: 350 records
2026-09-28 13:49:03,716 | INFO | pads: 251 records
2026-09-28 13:49:03,716 | INFO | ======================================================================
2026-09-28 13:49:03,717 | INFO | SPACE DATA EXTRACTION PIPELINE FINISHED
2026-09-28 13:49:03,717 | INFO | ======================================================================
2026-09-28 13:49:04,572 | INFO | ======================================================================
2026-09-28 13:49:04,572 | INFO | SPACE DATA TRANSFORMATION PIPELINE STARTED
2026-09-28 13:49:04,572 | INFO | ======================================================================
2026-09-28 13:49:04,572 | INFO | Reading raw dataset: agencies
2026-09-28 13:49:04,572 | INFO | Reading: C:\Users\VC_User6.DESKTOP-22FFUC4\Desktop\DATA ANALYTICS\ASSESMENT\ASSIGNMENT2\Assignment2-space_data_pipeline-\data\raw\agencies\page_1.json
2026-09-28 13:49:04,585 | INFO | Records loaded from file: 100
2026-09-28 13:49:04,586 | INFO | Reading: C:\Users\VC_User6.DESKTOP-22FFUC4\Desktop\DATA ANALYTICS\ASSESMENT\ASSIGNMENT2\Assignment2-space_data_pipeline-\data\raw\agencies\page_2.json
2026-09-28 13:49:04,603 | INFO | Records loaded from file: 100
2026-09-28 13:49:04,603 | INFO | Reading: C:\Users\VC_User6.DESKTOP-22FFUC4\Desktop\DATA ANALYTICS\ASSESMENT\ASSIGNMENT2\Assignment2-space_data_pipeline-\data\raw\agencies\page_3.json
2026-09-28 13:49:04,622 | INFO | Records loaded from file: 100
2026-09-28 13:49:04,622 | INFO | Reading: C:\Users\VC_User6.DESKTOP-22FFUC4\Desktop\DATA ANALYTICS\ASSESMENT\ASSIGNMENT2\Assignment2-space_data_pipeline-\data\raw\agencies\page_4.json
2026-09-28 13:49:04,632 | INFO | Records loaded from file: 50
2026-09-28 13:49:04,632 | INFO | Total raw records for agencies: 350
2026-09-28 13:49:04,632 | INFO | Reading raw dataset: launcher_configurations
2026-09-28 13:49:04,632 | INFO | Reading: C:\Users\VC_User6.DESKTOP-22FFUC4\Desktop\DATA ANALYTICS\ASSESMENT\ASSIGNMENT2\Assignment2-space_data_pipeline-\data\raw\launcher_configurations\page_1.json
2026-09-28 13:49:04,649 | INFO | Records loaded from file: 100
2026-09-28 13:49:04,649 | INFO | Reading: C:\Users\VC_User6.DESKTOP-22FFUC4\Desktop\DATA ANALYTICS\ASSESMENT\ASSIGNMENT2\Assignment2-space_data_pipeline-\data\raw\launcher_configurations\page_2.json
2026-09-28 13:49:04,671 | INFO | Records loaded from file: 100
2026-09-28 13:49:04,671 | INFO | Reading: C:\Users\VC_User6.DESKTOP-22FFUC4\Desktop\DATA ANALYTICS\ASSESMENT\ASSIGNMENT2\Assignment2-space_data_pipeline-\data\raw\launcher_configurations\page_3.json
2026-09-28 13:49:04,689 | INFO | Records loaded from file: 100
2026-09-28 13:49:04,689 | INFO | Reading: C:\Users\VC_User6.DESKTOP-22FFUC4\Desktop\DATA ANALYTICS\ASSESMENT\ASSIGNMENT2\Assignment2-space_data_pipeline-\data\raw\launcher_configurations\page_4.json
2026-09-28 13:49:04,713 | INFO | Records loaded from file: 100
2026-09-28 13:49:04,713 | INFO | Reading: C:\Users\VC_User6.DESKTOP-22FFUC4\Desktop\DATA ANALYTICS\ASSESMENT\ASSIGNMENT2\Assignment2-space_data_pipeline-\data\raw\launcher_configurations\page_5.json
2026-09-28 13:49:04,731 | INFO | Records loaded from file: 100
2026-09-28 13:49:04,731 | INFO | Reading: C:\Users\VC_User6.DESKTOP-22FFUC4\Desktop\DATA ANALYTICS\ASSESMENT\ASSIGNMENT2\Assignment2-space_data_pipeline-\data\raw\launcher_configurations\page_6.json
2026-09-28 13:49:04,742 | INFO | Records loaded from file: 32
2026-09-28 13:49:04,742 | INFO | Total raw records for launcher_configurations: 532
2026-09-28 13:49:04,742 | INFO | Reading raw dataset: pads
2026-09-28 13:49:04,742 | INFO | Reading: C:\Users\VC_User6.DESKTOP-22FFUC4\Desktop\DATA ANALYTICS\ASSESMENT\ASSIGNMENT2\Assignment2-space_data_pipeline-\data\raw\pads\page_1.json
2026-09-28 13:49:04,759 | INFO | Records loaded from file: 100
2026-09-28 13:49:04,759 | INFO | Reading: C:\Users\VC_User6.DESKTOP-22FFUC4\Desktop\DATA ANALYTICS\ASSESMENT\ASSIGNMENT2\Assignment2-space_data_pipeline-\data\raw\pads\page_2.json
2026-09-28 13:49:04,772 | INFO | Records loaded from file: 100
2026-09-28 13:49:04,772 | INFO | Reading: C:\Users\VC_User6.DESKTOP-22FFUC4\Desktop\DATA ANALYTICS\ASSESMENT\ASSIGNMENT2\Assignment2-space_data_pipeline-\data\raw\pads\page_3.json
2026-09-28 13:49:04,788 | INFO | Records loaded from file: 51
2026-09-28 13:49:04,788 | INFO | Total raw records for pads: 251
2026-09-28 13:49:04,788 | INFO | Reading raw dataset: launches
2026-09-28 13:49:04,788 | INFO | Reading: C:\Users\VC_User6.DESKTOP-22FFUC4\Desktop\DATA ANALYTICS\ASSESMENT\ASSIGNMENT2\Assignment2-space_data_pipeline-\data\raw\launches\page_1.json
2026-09-28 13:49:04,799 | INFO | Records loaded from file: 100
2026-09-28 13:49:04,799 | INFO | Reading: C:\Users\VC_User6.DESKTOP-22FFUC4\Desktop\DATA ANALYTICS\ASSESMENT\ASSIGNMENT2\Assignment2-space_data_pipeline-\data\raw\launches\page_2.json
2026-09-28 13:49:04,816 | INFO | Records loaded from file: 100
2026-09-28 13:49:04,816 | INFO | Total raw records for launches: 200
2026-09-28 13:49:04,816 | INFO | ======================================================================
2026-09-28 13:49:04,816 | INFO | TRANSFORMING: AGENCIES
2026-09-28 13:49:04,816 | INFO | ======================================================================
2026-09-28 13:49:04,821 | INFO | Duplicate agencies removed: 0
2026-09-28 13:49:04,824 | INFO | Missing agency country values: 0
2026-09-28 13:49:04,824 | INFO | Missing agency type values: 0
2026-09-28 13:49:04,824 | INFO | Processed agency records: 350
2026-09-28 13:49:04,824 | INFO | ======================================================================
2026-09-28 13:49:04,824 | INFO | TRANSFORMING: LAUNCHER CONFIGURATIONS
2026-09-28 13:49:04,824 | INFO | ======================================================================
2026-09-28 13:49:04,826 | INFO | Duplicate launcher configurations removed: 0
2026-09-28 13:49:04,829 | INFO | Launcher configuration transformation completed.
2026-09-28 13:49:04,829 | INFO | Processed records: 532
2026-09-28 13:49:04,829 | INFO | ======================================================================
2026-09-28 13:49:04,830 | INFO | TRANSFORMING: PADS
2026-09-28 13:49:04,830 | INFO | ======================================================================
2026-09-28 13:49:04,830 | INFO | Duplicate pads removed: 39
2026-09-28 13:49:04,833 | INFO | Processed pad records: 212
2026-09-28 13:49:04,833 | INFO | ======================================================================
2026-09-28 13:49:04,833 | INFO | TRANSFORMING: LAUNCHES
2026-09-28 13:49:04,833 | INFO | ======================================================================
2026-09-28 13:49:04,837 | INFO | Duplicate launches removed: 0
2026-09-28 13:49:04,842 | INFO | Launches with unmatched agencies: 0
2026-09-28 13:49:04,845 | INFO | Launches with unmatched launcher configurations: 0
2026-09-28 13:49:04,846 | INFO | Launches with unmatched pads: 36
2026-09-28 13:49:04,846 | INFO | Successful launches: 114
2026-09-28 13:49:04,846 | INFO | Processed launch records: 200
2026-09-28 13:49:04,866 | INFO | Processed data saved to: C:\Users\VC_User6.DESKTOP-22FFUC4\Desktop\DATA ANALYTICS\ASSESMENT\ASSIGNMENT2\Assignment2-space_data_pipeline-\data\processed\agencies.csv
2026-09-28 13:49:04,871 | INFO | Processed data saved to: C:\Users\VC_User6.DESKTOP-22FFUC4\Desktop\DATA ANALYTICS\ASSESMENT\ASSIGNMENT2\Assignment2-space_data_pipeline-\data\processed\launcher_configurations.csv
2026-09-28 13:49:04,876 | INFO | Processed data saved to: C:\Users\VC_User6.DESKTOP-22FFUC4\Desktop\DATA ANALYTICS\ASSESMENT\ASSIGNMENT2\Assignment2-space_data_pipeline-\data\processed\pads.csv
2026-09-28 13:49:04,879 | INFO | Processed data saved to: C:\Users\VC_User6.DESKTOP-22FFUC4\Desktop\DATA ANALYTICS\ASSESMENT\ASSIGNMENT2\Assignment2-space_data_pipeline-\data\processed\launches.csv
2026-09-28 13:49:04,879 | INFO | ======================================================================
2026-09-28 13:49:04,882 | INFO | TRANSFORMATION SUMMARY
2026-09-28 13:49:04,882 | INFO | ======================================================================
2026-09-28 13:49:04,882 | INFO | Agencies: 350
2026-09-28 13:49:04,883 | INFO | Launcher configurations: 532
2026-09-28 13:49:04,883 | INFO | Pads: 212
2026-09-28 13:49:04,883 | INFO | Launches: 200
2026-09-28 13:49:04,883 | INFO | ======================================================================
2026-09-28 13:49:04,883 | INFO | SPACE DATA TRANSFORMATION PIPELINE COMPLETED
2026-09-28 13:49:04,883 | INFO | ======================================================================
2026-09-28 13:49:05,415 | INFO | SPACE DATA LOADING PIPELINE STARTED
2026-09-28 13:49:05,415 | INFO | Reading processed file: C:\Users\VC_User6.DESKTOP-22FFUC4\Desktop\DATA ANALYTICS\ASSESMENT\ASSIGNMENT2\Assignment2-space_data_pipeline-\data\processed\agencies.csv
2026-09-28 13:49:05,433 | INFO | Reading processed file: C:\Users\VC_User6.DESKTOP-22FFUC4\Desktop\DATA ANALYTICS\ASSESMENT\ASSIGNMENT2\Assignment2-space_data_pipeline-\data\processed\launcher_configurations.csv
2026-09-28 13:49:05,436 | INFO | Reading processed file: C:\Users\VC_User6.DESKTOP-22FFUC4\Desktop\DATA ANALYTICS\ASSESMENT\ASSIGNMENT2\Assignment2-space_data_pipeline-\data\processed\pads.csv
2026-09-28 13:49:05,438 | INFO | Reading processed file: C:\Users\VC_User6.DESKTOP-22FFUC4\Desktop\DATA ANALYTICS\ASSESMENT\ASSIGNMENT2\Assignment2-space_data_pipeline-\data\processed\launches.csv
2026-09-28 13:49:05,453 | INFO | All processed datasets loaded successfully
2026-09-28 13:49:05,453 | INFO | Validating database configuration
2026-09-28 13:49:05,453 | INFO | Database configuration validation passed
2026-09-28 13:49:05,453 | INFO | Connecting to SQL Server
2026-09-28 13:49:05,503 | INFO | SQL Server connection successful
2026-09-28 13:49:05,503 | INFO | Loading agencies
2026-09-28 13:49:05,915 | INFO | Agencies batch committed: 350 records | Inserted: 0 | Updated: 350
2026-09-28 13:49:05,915 | INFO | Agencies loading completed | Inserted: 0 | Updated: 350
2026-09-28 13:49:05,915 | INFO | Loading launcher configurations
2026-09-28 13:49:06,340 | INFO | Launcher configuration batch committed: 500 records | Inserted: 0 | Updated: 500
2026-09-28 13:49:06,372 | INFO | Launcher configuration batch committed: 32 records | Inserted: 0 | Updated: 32
2026-09-28 13:49:06,372 | INFO | Launcher configuration loading completed | Inserted: 0 | Updated: 532
2026-09-28 13:49:06,372 | INFO | Loading pads
2026-09-28 13:49:06,640 | INFO | Pads batch committed: 212 records | Inserted: 0 | Updated: 212
2026-09-28 13:49:06,640 | INFO | Pad loading completed | Inserted: 0 | Updated: 212
2026-09-28 13:49:06,640 | INFO | Loading launches
2026-09-28 13:49:07,004 | INFO | Launch batch committed: 200 records | Inserted: 0 | Updated: 200
2026-09-28 13:49:07,004 | INFO | Launch loading completed | Inserted: 0 | Updated: 200
2026-09-28 13:49:07,004 | INFO | SPACE DATA LOADING PIPELINE COMPLETED
2026-09-28 13:49:07,004 | INFO | Agencies processed: 350
2026-09-28 13:49:07,004 | INFO | Launcher configurations processed: 532
2026-09-28 13:49:07,004 | INFO | Pads processed: 212
2026-09-28 13:49:07,004 | INFO | Launches processed: 200
2026-09-28 13:49:07,004 | INFO | Database connection closed
2026-09-28 13:52:25,872 | INFO | ======================================================================
2026-09-28 13:52:25,872 | INFO | SPACE DATA ETL PIPELINE STARTED
2026-09-28 13:52:25,872 | INFO | ======================================================================
2026-09-28 13:52:25,872 | INFO | ======================================================================
2026-09-28 13:52:25,872 | INFO | STARTING: extract.py
2026-09-28 13:52:25,872 | INFO | ======================================================================
2026-09-28 13:52:26,081 | INFO | ======================================================================
2026-09-28 13:52:26,081 | INFO | SPACE DATA EXTRACTION PIPELINE STARTED
2026-09-28 13:52:26,081 | INFO | ======================================================================
2026-09-28 13:52:26,082 | INFO | Raw data directory: C:\Users\VC_User6.DESKTOP-22FFUC4\Desktop\DATA ANALYTICS\ASSESMENT\ASSIGNMENT2\Assignment2-space_data_pipeline-\data\raw
2026-09-28 13:52:26,082 | INFO | ======================================================================
2026-09-28 13:52:26,082 | INFO | EXTRACTING: LAUNCHES
2026-09-28 13:52:26,082 | INFO | ======================================================================
2026-09-28 13:52:26,082 | INFO | Raw data directory: C:\Users\VC_User6.DESKTOP-22FFUC4\Desktop\DATA ANALYTICS\ASSESMENT\ASSIGNMENT2\Assignment2-space_data_pipeline-\data\raw\launches
2026-09-28 13:52:26,082 | INFO | Requesting page 1
2026-09-28 13:52:26,083 | INFO | URL: https://ll.thespacedevs.com/2.3.0/launches/
2026-09-28 13:52:27,447 | INFO | HTTP Status: 429
2026-09-28 13:52:27,447 | WARNING | Temporary API error (429). Attempt 1/3.
2026-09-28 13:52:27,447 | INFO | Retrying in 1 seconds...
2026-09-28 13:52:28,765 | INFO | HTTP Status: 429
2026-09-28 13:52:28,765 | WARNING | Temporary API error (429). Attempt 2/3.
2026-09-28 13:52:28,766 | INFO | Retrying in 2 seconds...
2026-09-28 13:52:31,084 | INFO | HTTP Status: 429
2026-09-28 13:52:31,084 | ERROR | ERROR while extracting launches: API request failed after 3 attempts. Status: 429
Traceback (most recent call last):
  File "C:\Users\VC_User6.DESKTOP-22FFUC4\Desktop\DATA ANALYTICS\ASSESMENT\ASSIGNMENT2\Assignment2-space_data_pipeline-\src\extract.py", line 368, in main
    total_records = extract_endpoint(
                    ^^^^^^^^^^^^^^^^^
  File "C:\Users\VC_User6.DESKTOP-22FFUC4\Desktop\DATA ANALYTICS\ASSESMENT\ASSIGNMENT2\Assignment2-space_data_pipeline-\src\extract.py", line 181, in extract_endpoint
    raise Exception(
Exception: API request failed after 3 attempts. Status: 429
2026-09-28 13:52:31,084 | WARNING | Continuing extraction with remaining datasets...
2026-09-28 13:52:31,084 | INFO | ======================================================================
2026-09-28 13:52:31,084 | INFO | EXTRACTING: LAUNCHER_CONFIGURATIONS
2026-09-28 13:52:31,084 | INFO | ======================================================================
2026-09-28 13:52:31,084 | INFO | Raw data directory: C:\Users\VC_User6.DESKTOP-22FFUC4\Desktop\DATA ANALYTICS\ASSESMENT\ASSIGNMENT2\Assignment2-space_data_pipeline-\data\raw\launcher_configurations
2026-09-28 13:52:31,084 | INFO | Requesting page 1
2026-09-28 13:52:31,084 | INFO | URL: https://ll.thespacedevs.com/2.3.0/launcher_configurations/
2026-09-28 13:52:31,423 | INFO | HTTP Status: 429
2026-09-28 13:52:31,423 | WARNING | Temporary API error (429). Attempt 1/3.
2026-09-28 13:52:31,423 | INFO | Retrying in 1 seconds...
2026-09-28 13:52:32,747 | INFO | HTTP Status: 429
2026-09-28 13:52:32,748 | WARNING | Temporary API error (429). Attempt 2/3.
2026-09-28 13:52:32,749 | INFO | Retrying in 2 seconds...
2026-09-28 13:52:35,070 | INFO | HTTP Status: 429
2026-09-28 13:52:35,070 | ERROR | ERROR while extracting launcher_configurations: API request failed after 3 attempts. Status: 429
Traceback (most recent call last):
  File "C:\Users\VC_User6.DESKTOP-22FFUC4\Desktop\DATA ANALYTICS\ASSESMENT\ASSIGNMENT2\Assignment2-space_data_pipeline-\src\extract.py", line 368, in main
    total_records = extract_endpoint(
                    ^^^^^^^^^^^^^^^^^
  File "C:\Users\VC_User6.DESKTOP-22FFUC4\Desktop\DATA ANALYTICS\ASSESMENT\ASSIGNMENT2\Assignment2-space_data_pipeline-\src\extract.py", line 181, in extract_endpoint
    raise Exception(
Exception: API request failed after 3 attempts. Status: 429
2026-09-28 13:52:35,070 | WARNING | Continuing extraction with remaining datasets...
2026-09-28 13:52:35,070 | INFO | ======================================================================
2026-09-28 13:52:35,070 | INFO | EXTRACTING: AGENCIES
2026-09-28 13:52:35,070 | INFO | ======================================================================
2026-09-28 13:52:35,070 | INFO | Raw data directory: C:\Users\VC_User6.DESKTOP-22FFUC4\Desktop\DATA ANALYTICS\ASSESMENT\ASSIGNMENT2\Assignment2-space_data_pipeline-\data\raw\agencies
2026-09-28 13:52:35,070 | INFO | Requesting page 1
2026-09-28 13:52:35,070 | INFO | URL: https://ll.thespacedevs.com/2.3.0/agencies/
2026-09-28 13:52:35,483 | INFO | HTTP Status: 429
2026-09-28 13:52:35,483 | WARNING | Temporary API error (429). Attempt 1/3.
2026-09-28 13:52:35,483 | INFO | Retrying in 1 seconds...
2026-09-28 13:52:36,795 | INFO | HTTP Status: 429
2026-09-28 13:52:36,795 | WARNING | Temporary API error (429). Attempt 2/3.
2026-09-28 13:52:36,795 | INFO | Retrying in 2 seconds...
2026-09-28 13:52:39,121 | INFO | HTTP Status: 429
2026-09-28 13:52:39,123 | ERROR | ERROR while extracting agencies: API request failed after 3 attempts. Status: 429
Traceback (most recent call last):
  File "C:\Users\VC_User6.DESKTOP-22FFUC4\Desktop\DATA ANALYTICS\ASSESMENT\ASSIGNMENT2\Assignment2-space_data_pipeline-\src\extract.py", line 368, in main
    total_records = extract_endpoint(
                    ^^^^^^^^^^^^^^^^^
  File "C:\Users\VC_User6.DESKTOP-22FFUC4\Desktop\DATA ANALYTICS\ASSESMENT\ASSIGNMENT2\Assignment2-space_data_pipeline-\src\extract.py", line 181, in extract_endpoint
    raise Exception(
Exception: API request failed after 3 attempts. Status: 429
2026-09-28 13:52:39,123 | WARNING | Continuing extraction with remaining datasets...
2026-09-28 13:52:39,123 | INFO | ======================================================================
2026-09-28 13:52:39,123 | INFO | EXTRACTING: PADS
2026-09-28 13:52:39,123 | INFO | ======================================================================
2026-09-28 13:52:39,123 | INFO | Raw data directory: C:\Users\VC_User6.DESKTOP-22FFUC4\Desktop\DATA ANALYTICS\ASSESMENT\ASSIGNMENT2\Assignment2-space_data_pipeline-\data\raw\pads
2026-09-28 13:52:39,123 | INFO | Requesting page 1
2026-09-28 13:52:39,123 | INFO | URL: https://ll.thespacedevs.com/2.3.0/pads/
2026-09-28 13:52:39,462 | INFO | HTTP Status: 429
2026-09-28 13:52:39,462 | WARNING | Temporary API error (429). Attempt 1/3.
2026-09-28 13:52:39,462 | INFO | Retrying in 1 seconds...
2026-09-28 13:52:40,776 | INFO | HTTP Status: 429
2026-09-28 13:52:40,776 | WARNING | Temporary API error (429). Attempt 2/3.
2026-09-28 13:52:40,776 | INFO | Retrying in 2 seconds...
2026-09-28 13:52:43,096 | INFO | HTTP Status: 429
2026-09-28 13:52:43,096 | ERROR | ERROR while extracting pads: API request failed after 3 attempts. Status: 429
Traceback (most recent call last):
  File "C:\Users\VC_User6.DESKTOP-22FFUC4\Desktop\DATA ANALYTICS\ASSESMENT\ASSIGNMENT2\Assignment2-space_data_pipeline-\src\extract.py", line 368, in main
    total_records = extract_endpoint(
                    ^^^^^^^^^^^^^^^^^
  File "C:\Users\VC_User6.DESKTOP-22FFUC4\Desktop\DATA ANALYTICS\ASSESMENT\ASSIGNMENT2\Assignment2-space_data_pipeline-\src\extract.py", line 181, in extract_endpoint
    raise Exception(
Exception: API request failed after 3 attempts. Status: 429
2026-09-28 13:52:43,096 | WARNING | Continuing extraction with remaining datasets...
2026-09-28 13:52:43,096 | INFO | ======================================================================
2026-09-28 13:52:43,096 | INFO | EXTRACTION SUMMARY
2026-09-28 13:52:43,096 | INFO | ======================================================================
2026-09-28 13:52:43,096 | INFO | launches: 0 records
2026-09-28 13:52:43,096 | INFO | launcher_configurations: 0 records
2026-09-28 13:52:43,096 | INFO | agencies: 0 records
2026-09-28 13:52:43,096 | INFO | pads: 0 records
2026-09-28 13:52:43,096 | INFO | ======================================================================
2026-09-28 13:52:43,096 | INFO | SPACE DATA EXTRACTION PIPELINE FINISHED
2026-09-28 13:52:43,096 | INFO | ======================================================================
2026-09-28 13:52:43,149 | INFO | ======================================================================
2026-09-28 13:52:43,149 | INFO | COMPLETED: extract.py
2026-09-28 13:52:43,149 | INFO | ======================================================================
2026-09-28 13:52:43,149 | INFO | ======================================================================
2026-09-28 13:52:43,149 | INFO | STARTING: transform.py
2026-09-28 13:52:43,149 | INFO | ======================================================================
2026-09-28 13:52:43,617 | INFO | ======================================================================
2026-09-28 13:52:43,617 | INFO | SPACE DATA TRANSFORMATION PIPELINE STARTED
2026-09-28 13:52:43,617 | INFO | ======================================================================
2026-09-28 13:52:43,617 | INFO | Reading raw dataset: agencies
2026-09-28 13:52:43,617 | INFO | Reading: C:\Users\VC_User6.DESKTOP-22FFUC4\Desktop\DATA ANALYTICS\ASSESMENT\ASSIGNMENT2\Assignment2-space_data_pipeline-\data\raw\agencies\page_1.json
2026-09-28 13:52:43,627 | INFO | Records loaded from file: 100
2026-09-28 13:52:43,627 | INFO | Reading: C:\Users\VC_User6.DESKTOP-22FFUC4\Desktop\DATA ANALYTICS\ASSESMENT\ASSIGNMENT2\Assignment2-space_data_pipeline-\data\raw\agencies\page_2.json
2026-09-28 13:52:43,629 | INFO | Records loaded from file: 100
2026-09-28 13:52:43,629 | INFO | Reading: C:\Users\VC_User6.DESKTOP-22FFUC4\Desktop\DATA ANALYTICS\ASSESMENT\ASSIGNMENT2\Assignment2-space_data_pipeline-\data\raw\agencies\page_3.json
2026-09-28 13:52:43,631 | INFO | Records loaded from file: 100
2026-09-28 13:52:43,631 | INFO | Reading: C:\Users\VC_User6.DESKTOP-22FFUC4\Desktop\DATA ANALYTICS\ASSESMENT\ASSIGNMENT2\Assignment2-space_data_pipeline-\data\raw\agencies\page_4.json
2026-09-28 13:52:43,632 | INFO | Records loaded from file: 50
2026-09-28 13:52:43,632 | INFO | Total raw records for agencies: 350
2026-09-28 13:52:43,632 | INFO | Reading raw dataset: launcher_configurations
2026-09-28 13:52:43,632 | INFO | Reading: C:\Users\VC_User6.DESKTOP-22FFUC4\Desktop\DATA ANALYTICS\ASSESMENT\ASSIGNMENT2\Assignment2-space_data_pipeline-\data\raw\launcher_configurations\page_1.json
2026-09-28 13:52:43,643 | INFO | Records loaded from file: 100
2026-09-28 13:52:43,643 | INFO | Reading: C:\Users\VC_User6.DESKTOP-22FFUC4\Desktop\DATA ANALYTICS\ASSESMENT\ASSIGNMENT2\Assignment2-space_data_pipeline-\data\raw\launcher_configurations\page_2.json
2026-09-28 13:52:43,654 | INFO | Records loaded from file: 100
2026-09-28 13:52:43,654 | INFO | Reading: C:\Users\VC_User6.DESKTOP-22FFUC4\Desktop\DATA ANALYTICS\ASSESMENT\ASSIGNMENT2\Assignment2-space_data_pipeline-\data\raw\launcher_configurations\page_3.json
2026-09-28 13:52:43,660 | INFO | Records loaded from file: 100
2026-09-28 13:52:43,660 | INFO | Reading: C:\Users\VC_User6.DESKTOP-22FFUC4\Desktop\DATA ANALYTICS\ASSESMENT\ASSIGNMENT2\Assignment2-space_data_pipeline-\data\raw\launcher_configurations\page_4.json
2026-09-28 13:52:43,671 | INFO | Records loaded from file: 100
2026-09-28 13:52:43,671 | INFO | Reading: C:\Users\VC_User6.DESKTOP-22FFUC4\Desktop\DATA ANALYTICS\ASSESMENT\ASSIGNMENT2\Assignment2-space_data_pipeline-\data\raw\launcher_configurations\page_5.json
2026-09-28 13:52:43,671 | INFO | Records loaded from file: 100
2026-09-28 13:52:43,671 | INFO | Reading: C:\Users\VC_User6.DESKTOP-22FFUC4\Desktop\DATA ANALYTICS\ASSESMENT\ASSIGNMENT2\Assignment2-space_data_pipeline-\data\raw\launcher_configurations\page_6.json
2026-09-28 13:52:43,683 | INFO | Records loaded from file: 32
2026-09-28 13:52:43,683 | INFO | Total raw records for launcher_configurations: 532
2026-09-28 13:52:43,684 | INFO | Reading raw dataset: pads
2026-09-28 13:52:43,684 | INFO | Reading: C:\Users\VC_User6.DESKTOP-22FFUC4\Desktop\DATA ANALYTICS\ASSESMENT\ASSIGNMENT2\Assignment2-space_data_pipeline-\data\raw\pads\page_1.json
2026-09-28 13:52:43,695 | INFO | Records loaded from file: 100
2026-09-28 13:52:43,695 | INFO | Reading: C:\Users\VC_User6.DESKTOP-22FFUC4\Desktop\DATA ANALYTICS\ASSESMENT\ASSIGNMENT2\Assignment2-space_data_pipeline-\data\raw\pads\page_2.json
2026-09-28 13:52:43,711 | INFO | Records loaded from file: 100
2026-09-28 13:52:43,711 | INFO | Reading: C:\Users\VC_User6.DESKTOP-22FFUC4\Desktop\DATA ANALYTICS\ASSESMENT\ASSIGNMENT2\Assignment2-space_data_pipeline-\data\raw\pads\page_3.json
2026-09-28 13:52:43,719 | INFO | Records loaded from file: 51
2026-09-28 13:52:43,720 | INFO | Total raw records for pads: 251
2026-09-28 13:52:43,720 | INFO | Reading raw dataset: launches
2026-09-28 13:52:43,720 | INFO | Reading: C:\Users\VC_User6.DESKTOP-22FFUC4\Desktop\DATA ANALYTICS\ASSESMENT\ASSIGNMENT2\Assignment2-space_data_pipeline-\data\raw\launches\page_1.json
2026-09-28 13:52:43,736 | INFO | Records loaded from file: 100
2026-09-28 13:52:43,736 | INFO | Reading: C:\Users\VC_User6.DESKTOP-22FFUC4\Desktop\DATA ANALYTICS\ASSESMENT\ASSIGNMENT2\Assignment2-space_data_pipeline-\data\raw\launches\page_2.json
2026-09-28 13:52:43,744 | INFO | Records loaded from file: 100
2026-09-28 13:52:43,744 | INFO | Total raw records for launches: 200
2026-09-28 13:52:43,744 | INFO | ======================================================================
2026-09-28 13:52:43,744 | INFO | TRANSFORMING: AGENCIES
2026-09-28 13:52:43,744 | INFO | ======================================================================
2026-09-28 13:52:43,751 | INFO | Duplicate agencies removed: 0
2026-09-28 13:52:43,756 | INFO | Missing agency country values: 0
2026-09-28 13:52:43,757 | INFO | Missing agency type values: 0
2026-09-28 13:52:43,757 | INFO | Processed agency records: 350
2026-09-28 13:52:43,757 | INFO | ======================================================================
2026-09-28 13:52:43,757 | INFO | TRANSFORMING: LAUNCHER CONFIGURATIONS
2026-09-28 13:52:43,757 | INFO | ======================================================================
2026-09-28 13:52:43,759 | INFO | Duplicate launcher configurations removed: 0
2026-09-28 13:52:43,761 | INFO | Launcher configuration transformation completed.
2026-09-28 13:52:43,761 | INFO | Processed records: 532
2026-09-28 13:52:43,761 | INFO | ======================================================================
2026-09-28 13:52:43,761 | INFO | TRANSFORMING: PADS
2026-09-28 13:52:43,761 | INFO | ======================================================================
2026-09-28 13:52:43,765 | INFO | Duplicate pads removed: 39
2026-09-28 13:52:43,768 | INFO | Processed pad records: 212
2026-09-28 13:52:43,769 | INFO | ======================================================================
2026-09-28 13:52:43,769 | INFO | TRANSFORMING: LAUNCHES
2026-09-28 13:52:43,769 | INFO | ======================================================================
2026-09-28 13:52:43,772 | INFO | Duplicate launches removed: 0
2026-09-28 13:52:43,777 | INFO | Launches with unmatched agencies: 0
2026-09-28 13:52:43,784 | INFO | Launches with unmatched launcher configurations: 0
2026-09-28 13:52:43,785 | INFO | Launches with unmatched pads: 36
2026-09-28 13:52:43,787 | INFO | Successful launches: 114
2026-09-28 13:52:43,787 | INFO | Processed launch records: 200
2026-09-28 13:52:43,789 | INFO | Processed data saved to: C:\Users\VC_User6.DESKTOP-22FFUC4\Desktop\DATA ANALYTICS\ASSESMENT\ASSIGNMENT2\Assignment2-space_data_pipeline-\data\processed\agencies.csv
2026-09-28 13:52:43,794 | INFO | Processed data saved to: C:\Users\VC_User6.DESKTOP-22FFUC4\Desktop\DATA ANALYTICS\ASSESMENT\ASSIGNMENT2\Assignment2-space_data_pipeline-\data\processed\launcher_configurations.csv
2026-09-28 13:52:43,796 | INFO | Processed data saved to: C:\Users\VC_User6.DESKTOP-22FFUC4\Desktop\DATA ANALYTICS\ASSESMENT\ASSIGNMENT2\Assignment2-space_data_pipeline-\data\processed\pads.csv
2026-09-28 13:52:43,798 | INFO | Processed data saved to: C:\Users\VC_User6.DESKTOP-22FFUC4\Desktop\DATA ANALYTICS\ASSESMENT\ASSIGNMENT2\Assignment2-space_data_pipeline-\data\processed\launches.csv
2026-09-28 13:52:43,798 | INFO | ======================================================================
2026-09-28 13:52:43,798 | INFO | TRANSFORMATION SUMMARY
2026-09-28 13:52:43,798 | INFO | ======================================================================
2026-09-28 13:52:43,798 | INFO | Agencies: 350
2026-09-28 13:52:43,798 | INFO | Launcher configurations: 532
2026-09-28 13:52:43,798 | INFO | Pads: 212
2026-09-28 13:52:43,801 | INFO | Launches: 200
2026-09-28 13:52:43,801 | INFO | ======================================================================
2026-09-28 13:52:43,801 | INFO | SPACE DATA TRANSFORMATION PIPELINE COMPLETED
2026-09-28 13:52:43,801 | INFO | ======================================================================
2026-09-28 13:52:43,852 | INFO | ======================================================================
2026-09-28 13:52:43,852 | INFO | COMPLETED: transform.py
2026-09-28 13:52:43,852 | INFO | ======================================================================
2026-09-28 13:52:43,852 | INFO | ======================================================================
2026-09-28 13:52:43,852 | INFO | STARTING: load.py
2026-09-28 13:52:43,852 | INFO | ======================================================================
2026-09-28 13:52:44,311 | INFO | SPACE DATA LOADING PIPELINE STARTED
2026-09-28 13:52:44,311 | INFO | Reading processed file: C:\Users\VC_User6.DESKTOP-22FFUC4\Desktop\DATA ANALYTICS\ASSESMENT\ASSIGNMENT2\Assignment2-space_data_pipeline-\data\processed\agencies.csv
2026-09-28 13:52:44,319 | INFO | Reading processed file: C:\Users\VC_User6.DESKTOP-22FFUC4\Desktop\DATA ANALYTICS\ASSESMENT\ASSIGNMENT2\Assignment2-space_data_pipeline-\data\processed\launcher_configurations.csv
2026-09-28 13:52:44,327 | INFO | Reading processed file: C:\Users\VC_User6.DESKTOP-22FFUC4\Desktop\DATA ANALYTICS\ASSESMENT\ASSIGNMENT2\Assignment2-space_data_pipeline-\data\processed\pads.csv
2026-09-28 13:52:44,339 | INFO | Reading processed file: C:\Users\VC_User6.DESKTOP-22FFUC4\Desktop\DATA ANALYTICS\ASSESMENT\ASSIGNMENT2\Assignment2-space_data_pipeline-\data\processed\launches.csv
2026-09-28 13:52:44,346 | INFO | All processed datasets loaded successfully
2026-09-28 13:52:44,346 | INFO | Validating database configuration
2026-09-28 13:52:44,346 | INFO | Database configuration validation passed
2026-09-28 13:52:44,346 | INFO | Connecting to SQL Server
2026-09-28 13:52:44,386 | INFO | SQL Server connection successful
2026-09-28 13:52:44,386 | INFO | Loading agencies
2026-09-28 13:52:44,810 | INFO | Agencies batch committed: 350 records | Inserted: 0 | Updated: 350
2026-09-28 13:52:44,810 | INFO | Agencies loading completed | Inserted: 0 | Updated: 350
2026-09-28 13:52:44,810 | INFO | Loading launcher configurations
2026-09-28 13:52:45,204 | INFO | Launcher configuration batch committed: 500 records | Inserted: 0 | Updated: 500
2026-09-28 13:52:45,226 | INFO | Launcher configuration batch committed: 32 records | Inserted: 0 | Updated: 32
2026-09-28 13:52:45,226 | INFO | Launcher configuration loading completed | Inserted: 0 | Updated: 532
2026-09-28 13:52:45,226 | INFO | Loading pads
2026-09-28 13:52:45,466 | INFO | Pads batch committed: 212 records | Inserted: 0 | Updated: 212
2026-09-28 13:52:45,466 | INFO | Pad loading completed | Inserted: 0 | Updated: 212
2026-09-28 13:52:45,466 | INFO | Loading launches
2026-09-28 13:52:45,817 | INFO | Launch batch committed: 200 records | Inserted: 0 | Updated: 200
2026-09-28 13:52:45,817 | INFO | Launch loading completed | Inserted: 0 | Updated: 200
2026-09-28 13:52:45,817 | INFO | SPACE DATA LOADING PIPELINE COMPLETED
2026-09-28 13:52:45,817 | INFO | Agencies processed: 350
2026-09-28 13:52:45,817 | INFO | Launcher configurations processed: 532
2026-09-28 13:52:45,817 | INFO | Pads processed: 212
2026-09-28 13:52:45,817 | INFO | Launches processed: 200
2026-09-28 13:52:45,817 | INFO | Database connection closed
2026-09-28 13:52:45,876 | INFO | ======================================================================
2026-09-28 13:52:45,878 | INFO | COMPLETED: load.py
2026-09-28 13:52:45,878 | INFO | ======================================================================
2026-09-28 13:52:45,878 | INFO | ======================================================================
2026-09-28 13:52:45,878 | INFO | SPACE DATA ETL PIPELINE COMPLETED SUCCESSFULLY
2026-09-28 13:52:45,878 | INFO | ======================================================================
